Percent Down 90,Avg. Price 90,Percent Down 365,Avg. Price 365,Price Now,Shipping Included,Deal found,AMZ link,Keepa Link,Title,last update,last price change,Changed,1yr. Avg.,% Down,Trend,Sales Rank - Reference,Reviews - Rating,Reviews - Review Count,FBA Pick&Pack Fee,Referral Fee %,Tracking since,Categories - Root,Categories - Sub,Categories - Tree,ASIN,Freq. Bought Together,Type,Manufacturer,Brand,Product Group,Variation Attributes,Item Type,Author,Contributors,Binding,Condition,Number of Items,Number of Pages,Publication Date,Languages,Package - Quantity,Package Weight,Package Height,Package Length,Package Width,Listed since,Edition,Release Date,Format,Sales Rank - Current,Sales Rank - 30 days avg.,Sales Rank - 60 days avg.,Sales Rank - 90 days avg.,Sales Rank - 180 days avg.,Sales Rank - 365 days avg.,Sales Rank - Lowest,Sales Rank - Lowest 365 days,Sales Rank - Highest,Sales Rank - Highest 365 days,Sales Rank - Drops last 30 days,Sales Rank - Drops last 60 days,Sales Rank - Drops last 90 days,Sales Rank - Drops last 180 days,Sales Rank - Drops last 365 days,Seller ID,Seller,Buy Box - Current,Buy Box - 30 days avg.,Buy Box - 60 days avg.,Buy Box - 90 days avg.,Buy Box - 180 days avg.,Buy Box - 365 days avg.,Buy Box - Lowest,Buy Box - Lowest 365 days,Buy Box - Highest,Buy Box - Highest 365 days,Buy Box - 90 days OOS,Buy Box - Stock,Amazon - Current,Amazon - 30 days avg.,Amazon - 60 days avg.,Amazon - 90 days avg.,Amazon - 180 days avg.,Amazon - 365 days avg.,Amazon - Lowest,Amazon - Lowest 365 days,Amazon - Highest,Amazon - Highest 365 days,Amazon - 90 days OOS,Amazon - Stock,New - Current,New - 30 days avg.,New - 60 days avg.,New - 90 days avg.,New - 180 days avg.,New - 365 days avg.,New - Lowest,New - Lowest 365 days,New - Highest,New - Highest 365 days,New - 90 days OOS,New - Stock,"New, 3rd Party FBA - Current","New, 3rd Party FBA - 30 days avg.","New, 3rd Party FBA - 60 days avg.","New, 3rd Party FBA - 90 days avg.","New, 3rd Party FBA - 180 days avg.","New, 3rd Party FBA - 365 days avg.","New, 3rd Party FBA - Lowest","New, 3rd Party FBA - Lowest 365 days","New, 3rd Party FBA - Highest","New, 3rd Party FBA - Highest 365 days","New, 3rd Party FBA - 90 days OOS","New, 3rd Party FBA - Stock","New, 3rd Party FBM - Current","New, 3rd Party FBM - 30 days avg.","New, 3rd Party FBM - 60 days avg.","New, 3rd Party FBM - 90 days avg.","New, 3rd Party FBM - 180 days avg.","New, 3rd Party FBM - 365 days avg.","New, 3rd Party FBM - Lowest","New, 3rd Party FBM - Lowest 365 days","New, 3rd Party FBM - Highest","New, 3rd Party FBM - Highest 365 days","New, 3rd Party FBM - 90 days OOS","New, 3rd Party FBM - Stock",Buy Box Used - Current,Buy Box Used - 30 days avg.,Buy Box Used - 60 days avg.,Buy Box Used - 90 days avg.,Buy Box Used - 180 days avg.,Buy Box Used - 365 days avg.,Buy Box Used - Lowest,Buy Box Used - Lowest 365 days,Buy Box Used - Highest,Buy Box Used - Highest 365 days,Buy Box Used - 90 days OOS,Buy Box Used - Stock,Used - Current,Used - 30 days avg.,Used - 60 days avg.,Used - 90 days avg.,Used - 180 days avg.,Used - 365 days avg.,Used - Lowest,Used - Lowest 365 days,Used - Highest,Used - Highest 365 days,Used - 90 days OOS,Used - Stock,"Used, like new - Current","Used, like new - 30 days avg.","Used, like new - 60 days avg.","Used, like new - 90 days avg.","Used, like new - 180 days avg.","Used, like new - 365 days avg.","Used, like new - Lowest","Used, like new - Lowest 365 days","Used, like new - Highest","Used, like new - Highest 365 days","Used, like new - 90 days OOS","Used, like new - Stock","Used, very good - Current","Used, very good - 30 days avg.","Used, very good - 60 days avg.","Used, very good - 90 days avg.","Used, very good - 180 days avg.","Used, very good - 365 days avg.","Used, very good - Lowest","Used, very good - Lowest 365 days","Used, very good - Highest","Used, very good - Highest 365 days","Used, very good - 90 days OOS","Used, very good - Stock","Used, good - Current","Used, good - 30 days avg.","Used, good - 60 days avg.","Used, good - 90 days avg.","Used, good - 180 days avg.","Used, good - 365 days avg.","Used, good - Lowest","Used, good - Lowest 365 days","Used, good - Highest","Used, good - Highest 365 days","Used, good - 90 days OOS","Used, good - Stock","Used, acceptable - Current","Used, acceptable - 30 days avg.","Used, acceptable - 60 days avg.","Used, acceptable - 90 days avg.","Used, acceptable - 180 days avg.","Used, acceptable - 365 days avg.","Used, acceptable - Lowest","Used, acceptable - Lowest 365 days","Used, acceptable - Highest","Used, acceptable - Highest 365 days","Used, acceptable - 90 days OOS","Used, acceptable - Stock",List Price - Current,List Price - 30 days avg.,List Price - 60 days avg.,List Price - 90 days avg.,List Price - 180 days avg.,List Price - 365 days avg.,List Price - Lowest,List Price - Lowest 365 days,List Price - Highest,List Price - Highest 365 days,List Price - 90 days OOS,List Price - Stock,New Offer Count - Current,New Offer Count - 30 days avg.,New Offer Count - 60 days avg.,New Offer Count - 90 days avg.,New Offer Count - 180 days avg.,New Offer Count - 365 days avg.,Used Offer Count - Current,Used Offer Count - 30 days avg.,Used Offer Count - 60 days avg.,Used Offer Count - 90 days avg.,Used Offer Count - 180 days avg.,Used Offer Count - 365 days avg.,Seller Rank,Seller_Quality_Score,Best Price,Recent Inferred Sale Price,Seasonality Type,Detailed_Seasonality,Sells,Peak Season,Expected Peak Price,Trough Season,Expected Trough Price,Profit Confidence,Min. Listing Price,All-in Cost,Profit,Margin,Total AMZ fees
80%,-,59%,-,-,yes,2025-09-26T06:44:00-04:00,https://www.amazon.com/dp/0977226239?psc=1&aod=1,https://keepa.com/#!product/1-0977226239,Commentaries For Biblical Expositors,2025-10-04 14:22:00,2025-09-26 06:44:00,-,$26.90,7%,⇧,-,-,-,$4.99,14.98%,2012-12-18,Books,-,Books > Subjects,0977226239,-,-,Kress Christian Publications,Kress Christian Publications,-,-,-,Dr. Jim Rosscup,-,paperback,good,-,-,2003-12-01,-,-,0.53 kg,1.9 cm,25.4 cm,16.9 cm,-,-,-,-,"1,012,411","1,803,600",-,"1,989,651","1,620,388","1,460,578",-,-,-,-,2,-,-,-,20,A1GM94LO9XJSTW,N's Collection's,-,-,-,-,-,20.46,-,-,-,-,-,-,-,-,-,-,-,-,-,-,-,-,-,-,-,-,-,-,-,34.67,-,-,-,-,-,-,-,-,-,-,-,40.69,$24.98,-,-,-,-,-,-,-,-,-,-,$20.38,-,-,-,-,-,-,$25.00,-,-,-,-,$93.74,-,-,-,-,-,-,$24.99,-,-,-,-,$60.92,-,-,-,-,-,-,$30.00,-,-,-,-,$151.09,-,-,-,-,-,-,$24.99,-,-,-,-,$106.21,-,-,-,-,-,-,$25.00,-,-,-,-,$67.95,-,-,-,-,-,-,-,-,-,-,-,$36.96,-,-,-,-,-,-,$24.99,-,-,-,-,-,-,-,-,-,-,-,0,-,-,-,-,1,5,-,-,-,-,4,58,0.84/10,$24.99,$23.87,Seasonal,None,All Year,Nov,$26.28,May,$8.97,51%,41.7078684,37.916244,-11.636243999999998,-44.27794520547944,8.926744000000001
80%,-,83%,-,-,no,2025-10-02T08:18:00-04:00,https://www.amazon.com/dp/5699415327?psc=1&aod=1,https://keepa.com/#!product/1-5699415327,Ognennyy bog Marranov (il. V. Kanivtsa) (#4),2025-10-04 14:22:00,2025-10-04 10:40:00,-,$69.00,42%,⇧,-,-,-,$5.52,15.01%,2018-09-04,Books,-,Books > Subjects,5699415327,-,-,"EKSMO, M",Eksmo,-,-,-,Volkov Aleksandr Melentevich,-,Hardcover,very good,-,-,2000-01-02,-,-,0.72 kg,2.8 cm,23.2 cm,16.7 cm,2011-05-31,-,-,-,"867,626","2,386,413",-,"1,582,154","1,630,829","1,986,064",-,-,-,-,1,-,-,-,18,A1725BWZB0RC19,angel v distibution,$34.77,-,-,-,-,28.68,-,-,-,-,-,-,-,-,-,-,-,-,-,-,-,-,-,-,$34.77,-,-,-,-,23.22,-,-,-,-,-,-,-,-,-,-,-,-,-,-,-,-,-,-,$39.48,-,-,-,-,$28.62,-,-,-,-,-,-,-,-,-,-,-,-,-,-,-,-,-,-,$22.85,-,-,-,-,$130.68,-,-,-,-,-,-,-,-,-,-,-,-,-,-,-,-,-,-,-,-,-,-,-,-,-,-,-,-,-,-,$148.31,-,-,-,-,$139.20,-,-,-,-,-,-,-,-,-,-,-,-,-,-,-,-,-,-,$145.50,-,-,-,-,-,-,-,-,-,-,-,2,-,-,-,-,3,3,-,-,-,-,1,605,0.97/10,$39.98,$24.08,Seasonal,None,All Year,May,$170.40,Sep,$25.37,51%,87.797644,79.81604,90.58396,53.15960093896713,31.097040000000003
79%,-,6%,-,-,yes,2025-10-04T13:14:00-04:00,https://www.amazon.com/dp/0962911925?psc=1&aod=1,https://keepa.com/#!product/1-0962911925,The Spiritual Journey of Joel S. Goldsmith,2025-10-04 14:22:00,2025-10-04 13:14:00,-,$5.21,0%,⇧,-,-,-,$3.43,15.00%,2016-03-30,Books,"Biographies & Memoirs, Leaders & Notable People, Religious",Books > Subjects > Biographies & Memoirs > Leaders & Notable People > Religious,0962911925,-,-,Devorss & Co,Brand: Devorss n Co (Txp),-,-,-,"Sinkler, Lorraine",-,paperback,acceptable,-,-,2000-01-02,-,-,0.25 kg,1.8 cm,20.3 cm,14.2 cm,-,-,-,-,"411,583","1,264,632",-,"1,497,539","1,181,607","1,046,355",-,-,-,-,4,-,-,-,46,A1ZMSWN8P7M5C4,ThriftBooks-Dallas,$91.98,-,-,-,-,38.72,-,-,-,-,-,-,-,-,-,-,-,-,-,-,-,-,-,-,$91.98,-,-,-,-,62.71,-,-,-,-,-,-,$91.98,-,-,-,-,28.40,$15.95,-,-,-,-,-,-,-,-,-,-,$190.65,-,-,-,-,-,-,$29.98,-,-,-,-,$35.45,-,-,-,-,-,-,$25.32,-,-,-,-,$27.00,-,-,-,-,-,-,-,-,-,-,-,$11.43,-,-,-,-,-,-,$29.30,-,-,-,-,$20.59,-,-,-,-,-,-,$29.30,-,-,-,-,$34.92,-,-,-,-,-,-,$29.30,-,-,-,-,$12.55,-,-,-,-,-,-,$12.95,-,-,-,-,-,-,-,-,-,-,-,1,-,-,-,-,1,10,-,-,-,-,10,426408,0.95/10,$29.30,$11.52,Seasonal,None,All Year,May,$8.96,Jul,$0.24,52%,42.117900000000006,38.289,-29.329,-327.3325892857143,4.774
70%,-,15%,-,-,yes,2025-10-04T06:44:00-04:00,https://www.amazon.com/dp/162086682X?psc=1&aod=1,https://keepa.com/#!product/1-162086682X,We'll Call You Mr. Met!,2025-10-04 14:22:00,2025-10-04 06:44:00,-,$16.64,0%,⇩,-,-,-,$3.60,15.01%,2015-09-11,Books,"Children's Books, Sports & Outdoors, Baseball",Books > Subjects > Children's Books > Sports & Outdoors > Baseball,162086682X,-,-,Mascot Books,Mascot Books,-,-,-,John T. Williams,-,hardcover,good,-,-,2015-11-03,-,-,0.39 kg,1.0 cm,25.7 cm,20.8 cm,2015-08-07,-,-,-,"1,148,225","1,290,342",-,"1,232,274","1,061,467","724,764",-,-,-,-,8,-,-,-,145,A2QVWT0ESGUXPH,ThriftBooks-Phoenix,-,-,-,-,-,15.96,-,-,-,-,-,-,-,-,-,-,-,$15.97,-,-,-,-,-,-,-,-,-,-,-,15.93,-,-,-,-,-,-,-,-,-,-,-,14.97,$13.14,-,-,-,-,-,-,-,-,-,-,$29.60,-,-,-,-,-,-,$29.74,-,-,-,-,$36.95,-,-,-,-,-,-,$29.74,-,-,-,-,$35.04,-,-,-,-,-,-,-,-,-,-,-,$13.52,-,-,-,-,-,-,-,-,-,-,-,$17.43,-,-,-,-,-,-,$29.74,-,-,-,-,$35.22,-,-,-,-,-,-,-,-,-,-,-,$21.06,-,-,-,-,-,-,$15.99,-,-,-,-,-,-,-,-,-,-,-,0,-,-,-,-,2,2,-,-,-,-,4,409901,0.95/10,$29.74,$21.09,Seasonal,None,All Year,Jul,$25.30,Aug,$4.27,79%,45.511983,41.37453,-16.07453,-63.53569169960473,7.397530000000001
78%,-,77%,-,-,no,2025-09-23T02:20:00-04:00,https://www.amazon.com/dp/8131907554?psc=1&aod=1,https://keepa.com/#!product/1-8131907554,Applying Bach Flower Therapy To The Healing Profession Of Homoeopathy,2025-10-04 14:22:00,2025-10-04 10:44:00,-,Too New,Too New,⇧,-,-,-,$4.55,14.99%,2016-12-29,Books,"Health, Fitness & Dieting, Alternative Medicine","Books > Subjects > Health, Fitness & Dieting > Alternative Medicine",8131907554,-,-,B. Jain Publishing,-,-,-,-,Dr. Cornelia Richardson-Boedler,-,paperback,New,-,-,2003-04-01,-,-,0.36 kg,2.3 cm,21.3 cm,13.7 cm,2011-04-07,-,-,-,"1,073,159","3,977,536",-,"3,972,886","3,705,928","3,246,594",-,-,-,-,1,-,-,-,4,A30UH7RV1UCIV3,tabletopart,$21.55,-,-,-,-,28.47,-,-,-,-,-,-,-,-,-,-,-,-,-,-,-,-,-,-,$21.32,-,-,-,-,27.06,-,-,-,-,-,-,-,-,-,-,-,-,$21.50,-,-,-,-,-,$21.32,-,-,-,-,$28.31,-,-,-,-,-,-,-,-,-,-,-,$149.99,-,-,-,-,-,-,$21.30,-,-,-,-,$91.58,-,-,-,-,-,-,$21.30,-,-,-,-,$21.30,-,-,-,-,-,-,-,-,-,-,-,$36.15,-,-,-,-,-,-,$26.14,-,-,-,-,$119.76,-,-,-,-,-,-,-,-,-,-,-,-,-,-,-,-,-,-,$22.50,-,-,-,-,-,-,-,-,-,-,-,2,-,-,-,-,1,2,-,-,-,-,1,44656,0.91/10,$21.30,$21.32,Seasonal,None,All Year,Jan,$28.76,Sep,$21.32,21%,41.7627364,37.966124,-9.206123999999999,-32.010166898470096,8.861124
78%,-,90%,-,-,yes,2025-10-04T02:32:00-04:00,https://www.amazon.com/dp/0990926907?psc=1&aod=1,https://keepa.com/#!product/1-0990926907,Tuxedo Park: The Gift of Nature,2025-10-04 14:22:00,2025-10-04 02:32:00,-,Too New,Too New,⇧,-,-,-,$7.00,15.00%,2017-04-15,Books,-,Books > Subjects,0990926907,-,-,Carol Monderer Publishing,-,-,-,-,Chiu Yin Hempel,-,Hardcover,very good,-,-,2015-09-26,-,-,1.45 kg,3.0 cm,26.2 cm,23.7 cm,2015-09-04,-,-,-,"1,091,206","7,709,056",-,"7,772,873","7,207,918","6,264,312",-,-,-,-,1,-,-,-,1,A1NUD6LVRJ5MT7,more-than-words,-,-,-,-,-,-,-,-,-,-,-,-,-,-,-,-,-,-,-,-,-,-,-,-,-,-,-,-,-,-,-,-,-,-,-,-,-,-,-,-,-,-,$59.99,-,-,-,-,-,-,-,-,-,-,-,-,-,-,-,-,-,$36.55,-,-,-,-,$226.96,-,-,-,-,-,-,$26.05,-,-,-,-,$258.33,-,-,-,-,-,-,-,-,-,-,-,-,-,-,-,-,-,-,$30.04,-,-,-,-,$259.62,-,-,-,-,-,-,$36.55,-,-,-,-,$254.74,-,-,-,-,-,-,$36.56,-,-,-,-,$364.73,-,-,-,-,-,-,-,-,-,-,-,-,-,-,-,-,-,-,0,-,-,-,-,-,4,-,-,-,-,2,64872,0.95/10,$30.04,$32.57,Seasonal,None,All Year,Jun,$150.00,Oct,$61.26,19%,70.17120000000001,63.792,86.208,57.472,29.5
78%,-,82%,-,-,yes,2025-10-03T07:30:00-04:00,https://www.amazon.com/dp/0521052076?psc=1&aod=1,https://keepa.com/#!product/1-0521052076,A Mathematician's Apology,2025-10-04 14:22:00,2025-10-03 07:30:00,-,$40.62,50%,⇧,-,-,-,$3.43,15.00%,2011-05-03,Books,"Humor & Entertainment, Puzzles & Games, Math Games",Books > Subjects > Humor & Entertainment > Puzzles & Games > Math Games,0521052076,-,-,Cambridge University Press,Cambridge University Press,-,-,-,"Hardy, G. H.",-,hardcover,good,-,-,1967-09-01,-,-,0.25 kg,1.8 cm,18.5 cm,13.0 cm,-,-,-,-,"560,299","2,124,487",-,"2,429,097","2,379,140","2,441,487",-,-,-,-,3,-,-,-,14,AN9NQZD6552ND,mountain,-,-,-,-,-,290.87,-,-,-,-,-,-,-,-,-,-,-,-,-,-,-,-,-,-,-,-,-,-,-,561.66,-,-,-,-,-,-,-,-,-,-,-,-,-,-,-,-,-,-,-,-,-,-,-,$607.54,-,-,-,-,-,-,$20.16,-,-,-,-,$119.37,-,-,-,-,-,-,$20.16,-,-,-,-,$114.44,-,-,-,-,-,-,-,-,-,-,-,-,-,-,-,-,-,-,-,-,-,-,-,$22.45,-,-,-,-,-,-,$20.42,-,-,-,-,$114.53,-,-,-,-,-,-,$20.16,-,-,-,-,$116.02,-,-,-,-,-,-,$22.95,-,-,-,-,-,-,-,-,-,-,-,0,-,-,-,-,0,4,-,-,-,-,4,14724,0.96/10,$20.16,$20.16,Seasonal,None,All Year,Jul,$70.30,Sep,$21.03,43%,41.682300000000005,37.893,32.407,46.09815078236131,13.975
78%,-,77%,-,-,no,2025-10-04T12:22:00-04:00,https://www.amazon.com/dp/1912870010?psc=1&aod=1,https://keepa.com/#!product/1-1912870010,Suburani Book 1 (UK edition),2025-10-04 14:22:00,2025-10-04 12:22:00,-,$100.18,71%,⇧,-,-,-,$5.52,15.00%,2021-03-28,Books,-,Books > Subjects,1912870010,-,-,-,-,-,-,-,Hands Up Education,-,Paperback,very good,-,-,2020-06-08,-,-,0.79 kg,1.6 cm,25.7 cm,20.8 cm,2021-01-30,-,-,-,"531,814","2,166,649",-,"2,890,324","3,136,726","3,300,500",-,-,-,-,2,-,-,-,6,A9G4IDK5ZNW30,Zoverstocks,-,-,-,-,-,158.65,-,-,-,-,-,-,-,-,-,-,-,-,-,-,-,-,-,-,-,-,-,-,-,158.65,-,-,-,-,-,-,-,-,-,-,-,-,-,-,-,-,-,-,-,-,-,-,-,$157.99,-,-,-,-,-,-,$29.16,-,-,-,-,$98.26,-,-,-,-,-,-,$25.16,-,-,-,-,$109.20,-,-,-,-,-,-,-,-,-,-,-,$144.99,-,-,-,-,-,-,$47.67,-,-,-,-,$105.35,-,-,-,-,-,-,$29.15,-,-,-,-,$89.41,-,-,-,-,-,-,$29.16,-,-,-,-,$29.53,-,-,-,-,-,-,$69.99,-,-,-,-,-,-,-,-,-,-,-,0,-,-,-,-,0,6,-,-,-,-,3,846529,0.96/10,$29.15,$25.47,Seasonal,None,All Year,Aug,$112.89,May,$37.60,43%,65.78110000000001,59.801,53.089,47.02719461422624,22.4535
76%,-,54%,-,-,yes,2025-09-27T23:48:00-04:00,https://www.amazon.com/dp/0802704190?psc=1&aod=1,https://keepa.com/#!product/1-0802704190,The Spirits of '76.,2025-10-04 14:22:00,2025-10-04 08:46:00,-,$84.50,65%,⇩,-,-,-,$3.53,15.00%,2016-03-30,Books,"Reference, Almanacs & Yearbooks",Books > Subjects > Reference > Almanacs & Yearbooks,0802704190,-,-,Walker & Co,Brand: Walker n Co,-,-,-,"Sloane, Eric",-,hardcover,good,-,-,2000-01-02,-,-,0.29 kg,1.5 cm,25.4 cm,18.0 cm,-,-,-,-,"325,399","1,240,967",-,"1,321,488","1,100,935","1,634,665",-,-,-,-,5,-,-,-,69,A365C2XG0O7B0H,ThriftBooks-Chicago,-,-,-,-,-,-,-,-,-,-,-,-,-,-,-,-,-,-,-,-,-,-,-,-,$718.79,-,-,-,-,19.99,-,-,-,-,-,-,-,-,-,-,-,-,$44.90,-,-,-,-,-,$723.54,-,-,-,-,$23.98,-,-,-,-,-,-,$85.00,-,-,-,-,$70.31,-,-,-,-,-,-,$29.99,-,-,-,-,$64.81,-,-,-,-,-,-,-,-,-,-,-,-,-,-,-,-,-,-,$172.23,-,-,-,-,$77.89,-,-,-,-,-,-,$29.99,-,-,-,-,$69.70,-,-,-,-,-,-,$29.99,-,-,-,-,$71.59,-,-,-,-,-,-,$6.95,-,-,-,-,-,-,-,-,-,-,-,1,-,-,-,-,1,16,-,-,-,-,16,1066165,0.95/10,$29.99,$29.99,Seasonal,None,All Year,May,$128.92,Feb,$3.75,68%,62.818250000000006,57.1075,71.81249999999999,55.70314923983866,22.868
76%,-,61%,-,-,no,2025-10-01T00:42:00-04:00,https://www.amazon.com/dp/0528022512?psc=1&aod=1,https://keepa.com/#!product/1-0528022512,Rand McNally Road Atlas 2021 United States/Canada/Mexico,2025-10-04 14:22:00,2025-10-01 00:42:00,-,$45.31,43%,⇩,-,-,-,$3.24,15.00%,2020-03-10,Books,"Reference, Atlases & Maps, Historical",Books > Subjects > Reference > Atlases & Maps > Historical,0528022512,-,-,Rand McNally,Rand McNally,-,-,-,Rand McNally,-,Paperback,acceptable,-,-,2020-04-20,-,-,0.17 kg,0.6 cm,27.2 cm,11.2 cm,2019-11-19,-,-,-,"1,345,441","1,225,259",-,"1,471,024","1,276,593","1,073,405",-,-,-,-,4,-,-,-,29,AUCMUBKVY604O,Starbook Store,-,-,-,-,-,20.00,-,-,-,-,-,-,-,-,-,-,-,-,-,-,-,-,-,-,-,-,-,-,-,29.18,-,-,-,-,-,-,-,-,-,-,-,20.00,$8.95,-,-,-,-,-,-,-,-,-,-,$32.15,-,-,-,-,-,-,-,-,-,-,-,$106.04,-,-,-,-,-,-,$26.00,-,-,-,-,$66.59,-,-,-,-,-,-,-,-,-,-,-,-,-,-,-,-,-,-,$26.00,-,-,-,-,$212.39,-,-,-,-,-,-,-,-,-,-,-,$79.23,-,-,-,-,-,-,-,-,-,-,-,$92.36,-,-,-,-,-,-,$8.95,-,-,-,-,-,-,-,-,-,-,-,0,-,-,-,-,1,1,-,-,-,-,3,284,0.93/10,$26.00,$15.00,Seasonal,Travel,May - Aug,Aug,$43.39,Apr,$13.82,55%,48.16735000000001,43.788500000000006,-0.3985000000000056,-0.9184143811938364,9.7485
76%,-,72%,-,-,no,2025-09-30T00:20:00-04:00,https://www.amazon.com/dp/B00V456QDK?psc=1&aod=1,https://keepa.com/#!product/1-B00V456QDK,How to Help Your Husband Get Ahead,2025-10-04 14:22:00,2025-09-30 00:20:00,-,Too New,Too New,⇧,-,-,-,$5.37,15.01%,2018-01-11,Books,-,Books > Subjects,B00V456QDK,-,-,Greystone,-,-,-,-,"Carnegie, Mrs Dale",-,Hardcover,very good,-,-,2000-01-02,-,-,0.68 kg,5.1 cm,22.9 cm,15.2 cm,2015-03-24,-,-,-,"1,147,829","6,069,238",-,"4,791,057","4,791,057","4,791,057",-,-,-,-,2,-,-,-,2,AJYLR0RXWWCF3,Banana Books LLC,-,-,-,-,-,-,-,-,-,-,-,-,-,-,-,-,-,-,-,-,-,-,-,-,-,-,-,-,-,-,-,-,-,-,-,-,-,-,-,-,-,-,-,-,-,-,-,-,-,-,-,-,-,-,-,-,-,-,-,-,$33.85,-,-,-,-,$108.87,-,-,-,-,-,-,$28.45,-,-,-,-,$102.83,-,-,-,-,-,-,-,-,-,-,-,-,-,-,-,-,-,-,-,-,-,-,-,$104.91,-,-,-,-,-,-,-,-,-,-,-,$103.38,-,-,-,-,-,-,$33.85,-,-,-,-,$115.13,-,-,-,-,-,-,$119.82,-,-,-,-,-,-,-,-,-,-,-,0,-,-,-,-,-,1,-,-,-,-,2,198,0.78/10,$33.85,$8.00,Year-Round,None,All Year,-,-,-,-,33%,0.0,0.0,0.0,0.0,0.0
75%,-,38%,-,-,yes,2025-08-29T09:22:00-04:00,https://www.amazon.com/dp/1848710887?psc=1&aod=1,https://keepa.com/#!product/1-1848710887,Sampler From a Way to Pray (Pocket Puritan),2025-10-04 14:22:00,2025-09-02 04:44:00,-,$16.13,0%,⇩,-,-,-,$2.29,15.00%,2011-07-27,Books,-,Books > Subjects,1848710887,-,-,Banner of Truth,-,-,-,-,Matthew Henry,-,Paperback,New,-,-,2010-06-01,-,-,0.02 kg,0.8 cm,13.0 cm,8.9 cm,-,-,-,-,"479,224","5,638,956",-,"5,357,674","4,976,310","4,111,350",-,-,-,-,1,-,-,-,6,A1QJ4UH6FW3UH1,ThriftBooks-Atlanta,-,-,-,-,-,-,-,-,-,-,-,-,-,-,-,-,-,-,-,-,-,-,-,-,-,-,-,-,-,-,-,-,-,-,-,-,-,-,-,-,-,-,-,-,-,-,-,-,-,-,-,-,-,-,-,-,-,-,-,-,$25.59,-,-,-,-,$43.49,-,-,-,-,-,-,$25.59,-,-,-,-,$41.31,-,-,-,-,-,-,-,-,-,-,-,$23.12,-,-,-,-,-,-,-,-,-,-,-,$39.62,-,-,-,-,-,-,$25.59,-,-,-,-,$44.95,-,-,-,-,-,-,-,-,-,-,-,-,-,-,-,-,-,-,$5.00,-,-,-,-,-,-,-,-,-,-,-,0,-,-,-,-,-,3,-,-,-,-,5,637324,0.96/10,$25.59,$25.59,Seasonal,None,All Year,Dec,$48.21,Feb,$2.50,24%,43.0551,39.141,9.069000000000003,18.811449906658375,9.5215
76%,-,80%,-,-,no,2025-10-03T21:54:00-04:00,https://www.amazon.com/dp/1683933931?psc=1&aod=1,https://keepa.com/#!product/1-1683933931,The Final Days of Edgar Allan Poe: Nevermore in Baltimore (Perspectives on Edgar Allan Poe),2025-10-04 14:22:00,2025-10-03 21:56:00,-,$98.94,45%,⇩,-,-,-,$5.37,15.01%,2023-12-26,Books,"Biographies & Memoirs, Arts & Literature, Authors",Books > Subjects > Biographies & Memoirs > Arts & Literature > Authors,1683933931,-,-,Lehigh University Press,-,-,-,-,"Gaylin, David F.",-,hardcover,like new,-,-,2024-04-18,-,-,0.63 kg,2.5 cm,23.4 cm,16.0 cm,2023-12-16,-,-,-,"410,350","1,178,157",-,"2,481,680","2,882,715","2,493,592",-,-,-,-,4,-,-,-,14,A2P1QVU5XDT5GV,Ammareal - Professional seller,$67.70,-,-,-,-,100.95,-,-,-,-,-,-,$67.70,-,-,-,-,$100.95,-,-,-,-,-,-,$67.70,-,-,-,-,91.92,-,-,-,-,-,-,-,-,-,-,-,-,-,-,-,-,-,-,$101.00,-,-,-,-,$104.12,-,-,-,-,-,-,$54.02,-,-,-,-,$97.93,-,-,-,-,-,-,$21.52,-,-,-,-,$106.88,-,-,-,-,-,-,$54.02,-,-,-,-,$111.71,-,-,-,-,-,-,-,-,-,-,-,$156.71,-,-,-,-,-,-,$95.31,-,-,-,-,$152.87,-,-,-,-,-,-,-,-,-,-,-,$188.56,-,-,-,-,-,-,$125.00,-,-,-,-,-,-,-,-,-,-,-,9,-,-,-,-,11,3,-,-,-,-,4,3738,0.93/10,$54.02,$67.70,Seasonal,Halloween,Sep - Oct,Jun,$117.70,Sep,$66.98,37%,95.14754700000002,86.49777,31.20223,26.509966015293116,23.036770000000004
76%,-,54%,-,-,yes,2025-09-25T13:26:00-04:00,https://www.amazon.com/dp/0761542566?psc=1&aod=1,https://keepa.com/#!product/1-0761542566,Pokemon Sapphire Version / Pokemon Ruby Version (Prima's Official Strategy Guide),2025-10-04 14:22:00,2025-10-01 02:50:00,-,$30.66,7%,⇩,-,-,-,$4.55,15.00%,2011-04-09,Books,"Computers & Technology, Games & Strategy Guides, Strategy Guides",Books > Subjects > Computers & Technology > Games & Strategy Guides > Strategy Guides,0761542566,-,-,Prima Games,Prima Games,-,-,-,"Hollinger, Elizabeth",-,Paperback,good,-,-,2003-03-25,-,-,0.45 kg,0.5 cm,38.6 cm,27.2 cm,-,-,-,-,"1,113,281","805,964",-,"1,172,492","905,500","818,446",-,-,-,-,7,-,-,-,112,A1RHACLE6AC7A3,Friends of Redwood City Public Library,-,-,-,-,-,61.99,-,-,-,-,-,-,-,-,-,-,-,-,-,-,-,-,-,-,-,-,-,-,-,48.79,-,-,-,-,-,-,-,-,-,-,-,48.23,$33.60,-,-,-,-,-,-,-,-,-,-,-,-,-,-,-,-,-,$65.09,-,-,-,-,$101.26,-,-,-,-,-,-,$23.99,-,-,-,-,$51.99,-,-,-,-,-,-,-,-,-,-,-,-,-,-,-,-,-,-,$65.08,-,-,-,-,$261.65,-,-,-,-,-,-,$65.09,-,-,-,-,$62.40,-,-,-,-,-,-,$28.46,-,-,-,-,$52.48,-,-,-,-,-,-,$14.99,-,-,-,-,-,-,-,-,-,-,-,0,-,-,-,-,0,8,-,-,-,-,6,1202,0.97/10,$28.46,$23.99,Seasonal,None,All Year,Jul,$49.76,Sep,$26.65,81%,49.11170000000001,44.647000000000006,5.112999999999992,10.275321543408346,12.014
76%,-,71%,-,-,yes,2025-09-28T18:34:00-04:00,https://www.amazon.com/dp/0895558238?psc=1&aod=1,https://keepa.com/#!product/1-0895558238,Religious Vocation: An Unnecessary Mystery,2025-10-04 14:22:00,2025-10-03 16:42:00,-,$30.95,4%,⇧,-,-,-,$3.43,15.00%,2011-03-31,Books,"Religion & Spirituality, Christian Books & Bibles, Catholicism",Books > Subjects > Religion & Spirituality > Christian Books & Bibles > Catholicism,0895558238,-,-,TAN Books,Tan Books,-,-,-,"Butler O.P., Richard",-,paperback,like new,-,-,2005-12-01,-,-,0.27 kg,1.7 cm,20.8 cm,13.8 cm,-,-,-,-,"1,326,555","2,394,958",-,"2,828,053","2,491,412","2,232,408",-,-,-,-,2,-,-,-,11,A8T3G32D9L5NK,LiquidationFactor,-,-,-,-,-,-,-,-,-,-,-,-,-,-,-,-,-,-,-,-,-,-,-,-,$1289.44,-,-,-,-,1182.49,-,-,-,-,-,-,-,-,-,-,-,-,$13.94,-,-,-,-,-,$1289.44,-,-,-,-,$1183.82,-,-,-,-,-,-,$29.99,-,-,-,-,$115.12,-,-,-,-,-,-,$24.82,-,-,-,-,$84.26,-,-,-,-,-,-,$292.98,-,-,-,-,$123.12,-,-,-,-,-,-,$29.81,-,-,-,-,$90.98,-,-,-,-,-,-,$29.81,-,-,-,-,$96.96,-,-,-,-,-,-,-,-,-,-,-,$41.79,-,-,-,-,-,-,$13.95,-,-,-,-,-,-,-,-,-,-,-,1,-,-,-,-,0,10,-,-,-,-,4,4432,0.98/10,$29.81,$24.83,Seasonal,None,All Year,Feb,$47.95,Sep,$27.25,31%,49.1403,44.673,3.277000000000001,6.83420229405631,10.6225
80%,-,43%,-,-,no,2025-10-04T10:28:00-04:00,https://www.amazon.com/dp/0990472094?psc=1&aod=1,https://keepa.com/#!product/1-0990472094,Math in Motion First Steps in Music Theory,2025-10-04 14:22:00,2025-10-04 10:44:00,-,$15.97,0%,⇩,-,-,-,$5.52,15.00%,2017-07-10,Books,-,Books > Subjects,0990472094,-,-,Classical Conversations,-,-,-,-,Caleb Skogen,-,spiral_bound,acceptable,-,-,2000-01-02,-,-,0.79 kg,3.3 cm,29.2 cm,21.8 cm,2016-07-26,-,-,-,"881,678","3,166,607",-,"2,301,579","2,537,967","2,624,448",-,-,-,-,1,-,-,-,7,A2BJYEQOW8BLB8,Gulf Coast Books LLC,-,-,-,-,-,-,-,-,-,-,-,-,-,-,-,-,-,-,-,-,-,-,-,-,$1144.14,-,-,-,-,1131.15,-,-,-,-,-,-,-,-,-,-,-,-,-,-,-,-,-,-,$1148.13,-,-,-,-,$1075.48,-,-,-,-,-,-,$26.51,-,-,-,-,$68.45,-,-,-,-,-,-,$22.53,-,-,-,-,$39.31,-,-,-,-,-,-,-,-,-,-,-,-,-,-,-,-,-,-,-,-,-,-,-,$20.96,-,-,-,-,-,-,$26.51,-,-,-,-,$48.72,-,-,-,-,-,-,$26.51,-,-,-,-,$19.81,-,-,-,-,-,-,-,-,-,-,-,-,-,-,-,-,-,-,2,-,-,-,-,1,5,-,-,-,-,7,28324,0.93/10,$26.51,$22.83,Seasonal,Textbook (Summer),Jul - Sep,Aug,$29.11,Nov,$6.29,74%,48.90820000000001,44.462,-15.352000000000004,-52.7378907591893,9.886499999999998
76%,-,85%,-,-,no,2025-08-17T13:36:00-04:00,https://www.amazon.com/dp/1138343935?psc=1&aod=1,https://keepa.com/#!product/1-1138343935,The Routledge Handbook of Social Work Ethics and Values (Routledge International Handbooks),2025-10-04 14:22:00,2025-10-04 04:56:00,-,$193.12,85%,⇩,-,-,-,$5.77,15.00%,2019-02-03,Books,"Politics & Social Sciences, Social Sciences, Social Work",Books > Subjects > Politics & Social Sciences > Social Sciences > Social Work,1138343935,-,-,Routledge,Routledge,-,-,-,"Marson, Stephen",-,hardcover,good,-,-,2019-06-12,-,-,0.90 kg,4.0 cm,26.2 cm,19.2 cm,2018-12-02,-,-,-,"713,586","11,502,140",-,"11,282,082","10,314,774","8,807,017",-,-,-,-,1,-,-,-,1,A14AH9IQUK99A2,campus_bookstore,$214.95,-,-,-,-,222.18,-,-,-,-,-,-,$300.00,-,-,-,-,$264.51,-,-,-,-,-,-,$200.00,-,-,-,-,170.80,-,-,-,-,-,-,-,-,-,-,-,-,-,-,-,-,-,-,$214.95,-,-,-,-,$171.36,-,-,-,-,-,-,$52.79,-,-,-,-,$126.59,-,-,-,-,-,-,$24.95,-,-,-,-,$165.00,-,-,-,-,-,-,$178.21,-,-,-,-,$189.80,-,-,-,-,-,-,-,-,-,-,-,$228.65,-,-,-,-,-,-,$28.93,-,-,-,-,$169.35,-,-,-,-,-,-,-,-,-,-,-,-,-,-,-,-,-,-,$300.00,-,-,-,-,-,-,-,-,-,-,-,15,-,-,-,-,17,10,-,-,-,-,3,50631,0.92/10,$28.93,$195.48,Seasonal,None,All Year,Jun,$201.04,Sep,$179.81,19%,80.34675000000001,73.0425,127.99749999999999,63.66767807401512,35.926
75%,-,72%,-,-,no,2025-10-04T10:10:00-04:00,https://www.amazon.com/dp/1908489316?psc=1&aod=1,https://keepa.com/#!product/1-1908489316,Little Book of Wetland Bird Sounds,2025-10-04 13:52:00,2025-10-04 10:44:00,-,$72.76,68%,⇩,-,-,-,$3.65,15.01%,2017-11-18,Books,-,Books > Subjects,1908489316,-,-,Fine Feather Press Ltd,AEE,-,-,-,Andrea Pinnington,-,board_book,New,-,-,2017-04-14,-,-,0.44 kg,1.6 cm,22.4 cm,20.6 cm,2016-11-26,-,-,-,"122,228","1,364,608",-,"1,330,238","1,193,489","1,159,182",-,-,-,-,5,-,-,-,27,A30I8KTV4DUTWQ,RAREWAVES-IMPORTS,$19.60,-,-,-,-,22.99,-,-,-,-,-,-,-,-,-,-,-,-,-,-,-,-,-,-,$19.60,-,-,-,-,1286.88,-,-,-,-,-,-,-,-,-,-,-,-,$21.10,-,-,-,-,-,$23.59,-,-,-,-,$1290.15,-,-,-,-,-,-,-,-,-,-,-,$95.85,-,-,-,-,-,-,$24.67,-,-,-,-,$89.44,-,-,-,-,-,-,$28.66,-,-,-,-,$182.38,-,-,-,-,-,-,-,-,-,-,-,$80.13,-,-,-,-,-,-,$79.99,-,-,-,-,$92.19,-,-,-,-,-,-,-,-,-,-,-,$81.47,-,-,-,-,-,-,$164.98,-,-,-,-,-,-,-,-,-,-,-,5,-,-,-,-,1,7,-,-,-,-,4,208097,0.92/10,$23.59,$19.60,Seasonal,None,All Year,Jan,$110.15,Oct,$26.35,71%,56.862316500000006,51.693015,58.456985,53.07034498411257,20.183515
75%,-,70%,-,-,no,2025-10-04T12:40:00-04:00,https://www.amazon.com/dp/0070702454?psc=1&aod=1,https://keepa.com/#!product/1-0070702454,Aircraft Performance & Design,2025-10-04 14:22:00,2025-10-04 12:40:00,-,$65.44,63%,⇧,-,-,-,$5.52,15.00%,2016-02-13,Books,"Science & Math, Astronomy & Space Science, Aeronautics & Astronautics",Books > Subjects > Science & Math > Astronomy & Space Science > Aeronautics & Astronautics,0070702454,-,-,Mc Graw Hill India,-,-,-,-,Anderson,-,paperback,acceptable,-,-,2000-01-02,-,-,0.70 kg,2.6 cm,23.8 cm,18.0 cm,2012-01-31,-,-,-,"685,311","3,543,614",-,"3,386,727","2,759,614","2,603,069",-,-,-,-,1,-,-,-,9,A66REUIM3OMP6,WeBuyBooks-UK,-,-,-,-,-,517.92,-,-,-,-,-,-,-,-,-,-,-,-,-,-,-,-,-,-,$1031.28,-,-,-,-,643.48,-,-,-,-,-,-,-,-,-,-,-,-,$25.90,-,-,-,-,-,$1031.28,-,-,-,-,$591.30,-,-,-,-,-,-,$24.23,-,-,-,-,$72.59,-,-,-,-,-,-,$20.24,-,-,-,-,$67.70,-,-,-,-,-,-,-,-,-,-,-,$217.03,-,-,-,-,-,-,$24.23,-,-,-,-,$128.68,-,-,-,-,-,-,$24.24,-,-,-,-,$75.81,-,-,-,-,-,-,$24.25,-,-,-,-,$86.56,-,-,-,-,-,-,$35.00,-,-,-,-,-,-,-,-,-,-,-,1,-,-,-,-,0,10,-,-,-,-,6,68280,0.95/10,$24.23,$22.87,Seasonal,None,All Year,Mar,$105.14,Oct,$22.87,38%,58.819750000000006,53.472500000000004,51.6675,49.14162069621457,21.290999999999997
75%,-,74%,-,-,yes,2025-10-02T15:44:00-04:00,https://www.amazon.com/dp/B0DJF14TSX?psc=1&aod=1,https://keepa.com/#!product/1-B0DJF14TSX,"Family, School, and Community Partnerships: Nurturing and Empowering All Young Children",2025-10-04 14:22:00,2025-10-03 10:40:00,-,$91.94,67%,⇧,-,-,-,$5.87,15.00%,2024-11-26,Books,"Education & Teaching, Schools & Teaching",Books > Subjects > Education & Teaching > Schools & Teaching,B0DJF14TSX,-,-,Goodheart-Willcox,-,-,-,-,"Patet, Pradnya",-,paperback,very good,-,-,2024-09-27,-,-,1.00 kg,1.3 cm,27.3 cm,21.6 cm,2024-10-03,-,-,-,"1,449,431","1,203,674",-,"1,855,830","2,644,198","2,645,449",-,-,-,-,1,-,-,-,15,A39BCZUE6HSDDL,GREENWORLD GOODS,$93.28,-,-,-,-,83.83,-,-,-,-,-,-,$93.28,-,-,-,-,$87.38,-,-,-,-,-,-,$93.28,-,-,-,-,81.96,-,-,-,-,-,-,-,-,-,-,-,82.03,$75.91,-,-,-,-,-,-,-,-,-,-,$87.08,-,-,-,-,-,-,$30.00,-,-,-,-,$30.00,-,-,-,-,-,-,$30.00,-,-,-,-,$114.91,-,-,-,-,-,-,-,-,-,-,-,$126.44,-,-,-,-,-,-,$30.00,-,-,-,-,$30.00,-,-,-,-,-,-,-,-,-,-,-,-,-,-,-,-,-,-,-,-,-,-,-,-,-,-,-,-,-,-,$93.28,-,-,-,-,-,-,-,-,-,-,-,1,-,-,-,-,5,1,-,-,-,-,1,3788,0.94/10,$30.00,$75.91,Textbook,None,All Year,"Aug-Sep, Jan-Feb",-,Apr-May,-,30%,0.0,0.0,0.0,0.0,0.0
74%,-,71%,-,-,no,2025-09-25T21:44:00-04:00,https://www.amazon.com/dp/1447954092?psc=1&aod=1,https://keepa.com/#!product/1-1447954092,LONGMAN DICTIONARY OF CONTEMPORARY ENGLISH 6 CASED AND ONLINE,2025-10-04 14:22:00,2025-10-03 18:36:00,-,$96.36,69%,⇩,-,-,-,$7.24,15.00%,2014-09-11,Books,"Reference, Dictionaries & Thesauruses, English",Books > Subjects > Reference > Dictionaries & Thesauruses > English,1447954092,-,-,Pearson Education,PEARSON DISTRIBUCIÓN,-,-,-,Pearson Education,-,hardcover,like new,-,-,2016-01-01,-,-,1.71 kg,5.0 cm,23.8 cm,16.0 cm,2013-08-08,-,-,-,"318,953","2,137,170",-,"2,269,816","1,968,929","1,615,903",-,-,-,-,4,-,-,-,26,A27EK23NIPUXRO,World of Books (previously glenthebookseller),-,-,-,-,-,98.88,-,-,-,-,-,-,-,-,-,-,-,$102.27,-,-,-,-,-,-,-,-,-,-,-,91.39,-,-,-,-,-,-,-,-,-,-,-,128.44,$50.87,-,-,-,-,-,-,-,-,-,-,$98.85,-,-,-,-,-,-,$29.64,-,-,-,-,$88.35,-,-,-,-,-,-,$25.66,-,-,-,-,$88.80,-,-,-,-,-,-,-,-,-,-,-,$78.32,-,-,-,-,-,-,$29.64,-,-,-,-,$93.71,-,-,-,-,-,-,$48.40,-,-,-,-,$92.02,-,-,-,-,-,-,-,-,-,-,-,$103.25,-,-,-,-,-,-,$115.00,-,-,-,-,-,-,-,-,-,-,-,0,-,-,-,-,4,4,-,-,-,-,3,625112,0.94/10,$29.64,$87.41,Year-Round,Textbook (Summer),Jul - Sep,Apr,$116.76,Oct,$52.60,74%,68.8776,62.616,54.144000000000005,46.372045220966086,24.753999999999998
74%,-,52%,-,-,no,2025-09-28T10:44:00-04:00,https://www.amazon.com/dp/B0028IIRFM?psc=1&aod=1,https://keepa.com/#!product/1-B0028IIRFM,Prego! An Invitation to Italian - 6th edition,2025-10-04 14:22:00,2025-09-28 10:56:00,-,$92.29,63%,⇩,-,-,-,-,-,2017-07-01,Books,-,Books > Subjects,B0028IIRFM,-,-,McGraw-Hill,-,-,-,-,J.K.,-,perfect,good,-,-,2004-01-01,-,-,0.00 kg,Missing,Missing,Missing,-,-,-,-,"874,486","2,988,394",-,"2,911,309","2,672,980","2,053,867",-,-,-,-,1,-,-,-,23,AQBPGC11UZ7K,ClearyBooks20,-,-,-,-,-,181.72,-,-,-,-,-,-,-,-,-,-,-,-,-,-,-,-,-,-,-,-,-,-,-,185.88,-,-,-,-,-,-,-,-,-,-,-,-,-,-,-,-,-,-,-,-,-,-,-,$181.38,-,-,-,-,-,-,$33.82,-,-,-,-,$82.21,-,-,-,-,-,-,$29.83,-,-,-,-,$61.72,-,-,-,-,-,-,-,-,-,-,-,$46.57,-,-,-,-,-,-,$38.90,-,-,-,-,$74.59,-,-,-,-,-,-,$33.82,-,-,-,-,$62.33,-,-,-,-,-,-,-,-,-,-,-,$95.81,-,-,-,-,-,-,-,-,-,-,-,-,-,-,-,-,-,-,0,-,-,-,-,2,5,-,-,-,-,6,736,0.72/10,$33.82,$87.07,Seasonal,Textbook (Summer),Jul - Sep,Jul,$194.23,Aug,$25.27,40%,46.47610000000001,42.251000000000005,151.97899999999998,78.24692375019306,0.0
74%,-,60%,-,-,yes,2025-10-04T10:40:00-04:00,https://www.amazon.com/dp/1576907503?psc=1&aod=1,https://keepa.com/#!product/1-1576907503,Spelling Book: Words Most Needed Plus Phonics by Dr. Fry,2025-10-04 14:22:00,2025-10-04 10:40:00,-,$17.86,0%,⇩,-,-,-,$5.37,15.01%,2012-04-22,Books,"Reference, Words, Language & Grammar, Spelling","Books > Subjects > Reference > Words, Language & Grammar > Spelling",1576907503,-,-,Teacher Created Resources,Teacher Created Resources,-,-,-,"Fry, Edward",-,paperback,acceptable,-,-,1999-08-01,-,-,0.63 kg,1.9 cm,27.8 cm,21.7 cm,-,-,-,-,"1,389,333","1,134,447",-,"1,317,111","1,133,948","972,664",-,-,-,-,4,-,-,-,54,A28PO6SFODZ0GV,Fred Goodwill,-,-,-,-,-,25.23,-,-,-,-,-,-,-,-,-,-,-,$24.98,-,-,-,-,-,-,-,-,-,-,-,33.03,-,-,-,-,-,-,-,-,-,-,-,27.72,$19.98,-,-,-,-,-,-,-,-,-,-,$42.55,-,-,-,-,-,-,$24.01,-,-,-,-,$48.56,-,-,-,-,-,-,$19.90,-,-,-,-,$49.76,-,-,-,-,-,-,-,-,-,-,-,$14.59,-,-,-,-,-,-,$28.98,-,-,-,-,$21.37,-,-,-,-,-,-,$23.89,-,-,-,-,$56.22,-,-,-,-,-,-,-,-,-,-,-,$54.66,-,-,-,-,-,-,$24.99,-,-,-,-,-,-,-,-,-,-,-,0,-,-,-,-,1,11,-,-,-,-,7,5628,0.95/10,$23.89,$27.60,Seasonal,None,All Year,Jul,$20.10,Feb,$4.67,86%,39.843661000000004,36.22151,-16.12151,-80.20651741293531,8.38701
74%,-,75%,-,-,yes,2025-09-27T08:40:00-04:00,https://www.amazon.com/dp/1119990866?psc=1&aod=1,https://keepa.com/#!product/1-1119990866,"Biorefineries and Chemical Processes: Design, Integration and Sustainability Analysis",2025-10-04 14:22:00,2025-10-03 06:42:00,-,$46.28,44%,⇩,-,-,-,$6.05,15.00%,2015-11-09,Books,"Engineering & Transportation, Engineering, Chemical",Books > Subjects > Engineering & Transportation > Engineering > Chemical,1119990866,-,-,Wiley,Wiley,-,-,-,"Sadhukhan, Jhuma",-,paperback,good,-,-,2014-11-03,-,-,1.12 kg,3.4 cm,24.4 cm,18.8 cm,2013-11-03,-,-,-,"1,271,242","8,071,760",-,"8,099,535","6,681,930","8,808,133",-,-,-,-,1,-,-,-,2,A37H6SYAS6AYH0,Books Today For You,-,-,-,-,-,59.68,-,-,-,-,-,-,-,-,-,-,-,$60.57,-,-,-,-,-,-,$93.97,-,-,-,-,58.48,-,-,-,-,-,-,-,-,-,-,-,-,$77.03,-,-,-,-,-,$93.97,-,-,-,-,$103.54,-,-,-,-,-,-,$25.86,-,-,-,-,$104.52,-,-,-,-,-,-,$25.86,-,-,-,-,$102.18,-,-,-,-,-,-,$118.59,-,-,-,-,$117.25,-,-,-,-,-,-,$118.60,-,-,-,-,$120.24,-,-,-,-,-,-,$25.86,-,-,-,-,$114.60,-,-,-,-,-,-,-,-,-,-,-,-,-,-,-,-,-,-,$139.95,-,-,-,-,-,-,-,-,-,-,-,10,-,-,-,-,14,7,-,-,-,-,3,2018,0.89/10,$25.86,$25.86,Seasonal,Textbook (Summer),Jul - Sep,Sep,$98.81,Jul,$37.77,10%,55.85195000000001,50.7745,48.0355,48.614006679485875,20.8715
74%,-,81%,-,-,no,2025-10-03T20:36:00-04:00,https://www.amazon.com/dp/B007F2L11I?psc=1&aod=1,https://keepa.com/#!product/1-B007F2L11I,Precious Moments Big Fun Book to Color ~ Faithful Friends,2025-10-04 14:22:00,2025-10-03 20:36:00,-,$194.45,81%,⇩,-,-,-,$3.24,15.00%,2016-04-02,Books,-,Books > Subjects,B007F2L11I,-,-,Dalmatian Press,-,-,-,-,Dalmatian Press,-,paperback,good,-,-,2012-01-01,-,-,0.14 kg,0.8 cm,26.7 cm,19.0 cm,2012-02-29,-,-,-,"1,079,157","4,477,244",-,"4,541,647","4,454,455","4,342,928",-,-,-,-,1,-,-,-,2,A33SN1SWFJJ39W,Windflower Bookstore,-,-,-,-,-,-,-,-,-,-,-,-,-,-,-,-,-,-,-,-,-,-,-,-,-,-,-,-,-,-,-,-,-,-,-,-,-,-,-,-,-,-,-,-,-,-,-,-,-,-,-,-,-,-,-,-,-,-,-,-,$37.41,-,-,-,-,$182.71,-,-,-,-,-,-,$33.42,-,-,-,-,$177.18,-,-,-,-,-,-,-,-,-,-,-,-,-,-,-,-,-,-,$38.42,-,-,-,-,$194.72,-,-,-,-,-,-,-,-,-,-,-,$172.46,-,-,-,-,-,-,$37.41,-,-,-,-,$183.89,-,-,-,-,-,-,-,-,-,-,-,-,-,-,-,-,-,-,0,-,-,-,-,-,5,-,-,-,-,4,1449,0.89/10,$37.41,$188.12,Seasonal,Christmas,Nov - Dec,Nov,$198.40,Aug,$188.12,30%,86.92254999999999,79.02049999999998,119.37950000000002,60.17111895161291,33.0
74%,-,62%,-,-,yes,2025-10-01T11:52:00-04:00,https://www.amazon.com/dp/0671784269?psc=1&aod=1,https://keepa.com/#!product/1-0671784269,The Art of Selfishness,2025-10-04 14:22:00,2025-10-01 12:40:00,-,$23.08,9%,⇧,-,-,-,$3.24,15.00%,2015-06-23,Books,"Medical Books, Psychology, General",Books > Subjects > Medical Books > Psychology > General,0671784269,-,-,Pocket,-,-,-,-,David Seabury,-,paperback,acceptable,-,-,1974-08-01,-,-,0.14 kg,1.8 cm,17.3 cm,10.7 cm,-,-,-,-,"525,426","4,256,931",-,"4,263,216","4,078,151","3,651,656",-,-,-,-,1,-,-,-,1,A2YNMK2PCKK2LS,ATLIHAN,-,-,-,-,-,56.94,-,-,-,-,-,-,-,-,-,-,-,-,-,-,-,-,-,-,$1114.27,-,-,-,-,1086.78,-,-,-,-,-,-,-,-,-,-,-,-,-,-,-,-,-,-,$1114.27,-,-,-,-,$1259.84,-,-,-,-,-,-,$21.00,-,-,-,-,$40.34,-,-,-,-,-,-,$21.00,-,-,-,-,$55.18,-,-,-,-,-,-,$21.00,-,-,-,-,$20.99,-,-,-,-,-,-,-,-,-,-,-,$73.58,-,-,-,-,-,-,$28.20,-,-,-,-,$72.79,-,-,-,-,-,-,-,-,-,-,-,$82.35,-,-,-,-,-,-,$1.25,-,-,-,-,-,-,-,-,-,-,-,1,-,-,-,-,0,2,-,-,-,-,3,62,0.94/10,$21.00,$21.00,Seasonal,None,All Year,May,$28.94,Dec,$5.26,36%,35.6191,32.381,-3.440999999999999,-11.890117484450585,7.581
74%,-,4%,-,-,yes,2025-09-29T20:18:00-04:00,https://www.amazon.com/dp/1938946170?psc=1&aod=1,https://keepa.com/#!product/1-1938946170,Next Time You See a Pill Bug: 12 Interdisciplinary Activities to Create Confident Readers,2025-10-04 14:22:00,2025-09-30 23:44:00,-,$16.96,0%,⇧,-,-,-,$3.60,15.00%,2016-11-30,Books,"Children's Books, Animals, Bugs & Spiders",Books > Subjects > Children's Books > Animals > Bugs & Spiders,1938946170,-,-,NSTA Press,NSTA Kids,-,-,-,"Morgan, Emily",-,hardcover,good,-,-,2013-07-01,-,-,0.39 kg,0.8 cm,28.2 cm,24.4 cm,2013-08-28,-,-,-,"1,550,927","2,722,006",-,"2,506,415","1,901,758","2,028,942",-,-,-,-,1,-,-,-,14,A37H6SYAS6AYH0,Books Today For You,-,-,-,-,-,37.05,-,-,-,-,-,-,-,-,-,-,-,$37.05,-,-,-,-,-,-,-,-,-,-,-,37.05,-,-,-,-,-,-,-,-,-,-,-,-,$18.02,-,-,-,-,-,-,-,-,-,-,$57.76,-,-,-,-,-,-,$30.59,-,-,-,-,$34.54,-,-,-,-,-,-,$30.59,-,-,-,-,$31.81,-,-,-,-,-,-,-,-,-,-,-,-,-,-,-,-,-,-,-,-,-,-,-,$18.86,-,-,-,-,-,-,$30.59,-,-,-,-,$35.00,-,-,-,-,-,-,-,-,-,-,-,$23.39,-,-,-,-,-,-,$19.99,-,-,-,-,-,-,-,-,-,-,-,0,-,-,-,-,1,1,-,-,-,-,6,2018,0.89/10,$30.59,$17.27,Seasonal,None,All Year,Oct,$21.38,Jul,$6.49,56%,45.844150000000006,41.676500000000004,-20.296500000000005,-94.93217960710948,6.807
73%,-,60%,-,-,yes,2025-10-02T18:24:00-04:00,https://www.amazon.com/dp/1623413265?psc=1&aod=1,https://keepa.com/#!product/1-1623413265,U.S. History-Based Writing Lessons [Teacher/Student Combo],2025-10-04 14:22:00,2025-10-02 18:24:00,-,$54.52,45%,⇩,-,-,-,$7.24,15.01%,2020-04-05,Books,-,Books > Subjects,1623413265,-,-,Institute for Excellence in Writing,-,-,-,-,Lori Verstegen,-,Spiral-bound,acceptable,-,-,2000-01-02,-,-,1.81 kg,4.5 cm,28.0 cm,26.0 cm,2017-05-25,-,-,-,"368,820","291,192",-,"182,453","241,937","366,191",-,-,-,-,17,-,-,-,188,A31VBVCMRTO84L,Jennifer's Childhood,$59.97,-,-,-,-,59.70,-,-,-,-,-,-,-,-,-,-,-,-,-,-,-,-,-,-,$55.00,-,-,-,-,55.49,-,-,-,-,-,-,$59.97,-,-,-,-,59.83,$49.00,-,-,-,-,-,$60.97,-,-,-,-,$59.58,-,-,-,-,-,-,$30.00,-,-,-,-,$48.53,-,-,-,-,-,-,$30.00,-,-,-,-,$74.22,-,-,-,-,-,-,-,-,-,-,-,$95.97,-,-,-,-,-,-,-,-,-,-,-,-,-,-,-,-,-,-,-,-,-,-,-,$70.86,-,-,-,-,-,-,$30.00,-,-,-,-,$107.78,-,-,-,-,-,-,-,-,-,-,-,-,-,-,-,-,-,-,3,-,-,-,-,4,2,-,-,-,-,1,1,0.21/10,$30.00,$55.00,Seasonal,None,All Year,Jan,$55.10,Nov,$49.00,64%,54.73656100000001,49.760510000000004,5.339489999999998,9.690544464609797,15.510510000000002
77%,-,80%,-,-,yes,2025-10-04T12:44:00-04:00,https://www.amazon.com/dp/0966526627?psc=1&aod=1,https://keepa.com/#!product/1-0966526627,Visual Recipes: A Cookbook for Non-Readers,2025-10-04 14:22:00,2025-10-04 12:44:00,-,$80.48,72%,⇩,-,-,-,$5.52,14.99%,2015-03-06,Books,"Cookbooks, Food & Wine","Books > Subjects > Cookbooks, Food & Wine",0966526627,-,-,Different Roads to Learning Inc,-,-,-,-,Tabitha Orth,-,Hardcover,good,-,-,2000-01-02,-,-,0.77 kg,1.8 cm,28.4 cm,22.9 cm,2015-01-16,-,-,-,"1,068,104","3,593,508",-,"3,221,645","2,677,181","2,531,922",-,-,-,-,1,-,-,-,9,A34MOU1WOG7LRW,Zoom Books Company,-,-,-,-,-,-,-,-,-,-,-,-,-,-,-,-,-,-,-,-,-,-,-,-,-,-,-,-,-,611.76,-,-,-,-,-,-,-,-,-,-,-,-,-,-,-,-,-,-,-,-,-,-,-,$611.57,-,-,-,-,-,-,$22.42,-,-,-,-,$93.90,-,-,-,-,-,-,$18.44,-,-,-,-,$90.31,-,-,-,-,-,-,-,-,-,-,-,$103.92,-,-,-,-,-,-,$22.43,-,-,-,-,$95.32,-,-,-,-,-,-,$22.42,-,-,-,-,$93.08,-,-,-,-,-,-,$22.43,-,-,-,-,$80.86,-,-,-,-,-,-,$24.95,-,-,-,-,-,-,-,-,-,-,-,0,-,-,-,-,0,10,-,-,-,-,5,12572,0.96/10,$22.42,$22.45,Seasonal,None,All Year,Jun,$102.84,Oct,$22.45,35%,51.9493876,47.226715999999996,55.61328400000001,54.07748346946713,20.935716
26%,-,50%,-,-,yes,2025-09-29T16:36:00-04:00,https://www.amazon.com/dp/1476763526?psc=1&aod=1,https://keepa.com/#!product/1-1476763526,"Losing Hope, Signed Limited Edition",2025-10-04 14:22:00,2025-10-02 22:00:00,-,$44.94,0%,⇩,-,-,-,$4.99,15.01%,2013-09-20,Books,"Literature & Fiction, Genre Fiction, Family Life",Books > Subjects > Literature & Fiction > Genre Fiction > Family Life,1476763526,-,-,Atria Books,-,-,-,-,"Hoover, Colleen",-,hardcover,New,-,-,2013-10-08,-,-,0.56 kg,2.8 cm,23.2 cm,15.6 cm,2013-09-01,-,-,-,"904,785","6,439,473",-,"6,359,417","6,128,686","5,791,560",-,-,-,-,1,-,-,-,2,AXXJIIN6V31P8,GreatBookDealz,-,-,-,-,-,-,-,-,-,-,-,-,-,-,-,-,-,-,-,-,-,-,-,-,-,-,-,-,-,-,-,-,-,-,-,-,-,-,-,-,-,-,-,-,-,-,-,-,-,-,-,-,-,-,-,-,-,-,-,-,$89.38,-,-,-,-,$226.32,-,-,-,-,-,-,$89.38,-,-,-,-,$179.49,-,-,-,-,-,-,-,-,-,-,-,$64.63,-,-,-,-,-,-,$89.38,-,-,-,-,$191.65,-,-,-,-,-,-,-,-,-,-,-,$217.77,-,-,-,-,-,-,-,-,-,-,-,-,-,-,-,-,-,-,$27.00,-,-,-,-,-,-,-,-,-,-,-,0,-,-,-,-,-,2,-,-,-,-,3,4496,0.90/10,$89.38,$32.60,Seasonal,Romance/Valentine's Day,Feb,Mar,$65.56,Sep,$32.60,33%,122.5725116,111.42955599999999,-45.86955599999999,-69.96576571079925,14.830556000000001
73%,-,54%,-,-,no,2025-09-20T12:24:00-04:00,https://www.amazon.com/dp/B09PHG42YW?psc=1&aod=1,https://keepa.com/#!product/1-B09PHG42YW,Hebrew Workbook for Beginners: Hebrew Alphabet for Beginners Establishing the Basis to Learn Hebrew Language Workbook (Childrens Hebrew Books) (Learn ... Workbooks and Textbooks) (Hebrew Edition),2025-10-04 14:22:00,2025-09-20 12:24:00,-,$26.38,0%,⇧,-,-,-,$3.43,15.01%,2022-01-07,Books,"Teen & Young Adult, Education & Reference, History",Books > Subjects > Teen & Young Adult > Education & Reference > History,B09PHG42YW,-,-,Independently published,Independently Published,-,-,-,"Hebrew, Learn",-,paperback,acceptable,-,-,2021-12-29,-,-,0.28 kg,0.7 cm,27.8 cm,21.5 cm,2021-12-31,-,-,-,"800,281","825,916",-,"730,714","598,388","438,138",-,-,-,-,27,-,-,-,218,A3AM3URTMSBDCO,Clickgoodwill,-,-,-,-,-,21.99,-,-,-,-,-,-,-,-,-,-,-,$21.99,-,-,-,-,-,-,-,-,-,-,-,22.78,-,-,-,-,-,-,-,-,-,-,-,29.99,$19.99,-,-,-,-,-,-,-,-,-,-,-,-,-,-,-,-,-,-,-,-,-,-,$32.97,-,-,-,-,-,-,$26.80,-,-,-,-,$58.61,-,-,-,-,-,-,-,-,-,-,-,$125.57,-,-,-,-,-,-,-,-,-,-,-,$30.07,-,-,-,-,-,-,$30.79,-,-,-,-,$39.72,-,-,-,-,-,-,$30.79,-,-,-,-,$42.17,-,-,-,-,-,-,$21.99,-,-,-,-,-,-,-,-,-,-,-,0,-,-,-,-,1,2,-,-,-,-,1,234121,0.97/10,$30.79,$30.53,Seasonal,None,All Year,Sep,$26.32,Apr,$15.85,51%,51.0951452,46.450131999999996,-20.130131999999996,-76.48226443768995,7.380632
72%,-,37%,-,-,yes,2025-10-01T15:24:00-04:00,https://www.amazon.com/dp/1585675040?psc=1&aod=1,https://keepa.com/#!product/1-1585675040,Mabinogion Tetralogy,2025-10-04 14:22:00,2025-10-04 01:44:00,-,$27.48,9%,⇩,-,-,-,$5.37,15.00%,2014-05-05,Books,Literature & Fiction,Books > Subjects > Literature & Fiction,1585675040,-,-,The Overlook Press,The Overlook Press,-,-,-,Evangeline Walton,-,Paperback,very good,-,-,2003-12-31,-,-,0.66 kg,4.3 cm,19.8 cm,13.5 cm,-,-,-,-,"831,114","1,615,400",-,"1,310,598","1,326,021","1,169,790",-,-,-,-,2,-,-,-,44,A3VS8GN4Z215LO,Simple Shopper 1,-,-,-,-,-,-,-,-,-,-,-,-,-,-,-,-,-,-,-,-,-,-,-,-,$1035.07,-,-,-,-,65.55,-,-,-,-,-,-,-,-,-,-,-,68.43,$44.50,-,-,-,-,-,$1035.07,-,-,-,-,$65.63,-,-,-,-,-,-,$490.99,-,-,-,-,$40.21,-,-,-,-,-,-,$24.95,-,-,-,-,$39.38,-,-,-,-,-,-,$490.99,-,-,-,-,$101.53,-,-,-,-,-,-,$28.94,-,-,-,-,$38.00,-,-,-,-,-,-,$388.20,-,-,-,-,$46.41,-,-,-,-,-,-,$28.94,-,-,-,-,$40.32,-,-,-,-,-,-,$24.95,-,-,-,-,-,-,-,-,-,-,-,1,-,-,-,-,1,5,-,-,-,-,6,518,0.94/10,$24.95,$40.00,Seasonal,None,All Year,Dec,$36.71,Jun,$18.56,71%,43.806400000000004,39.824,-3.113999999999997,-8.482702260964308,10.8765
72%,-,73%,-,-,yes,2025-10-04T10:40:00-04:00,https://www.amazon.com/dp/096698840X?psc=1&aod=1,https://keepa.com/#!product/1-096698840X,Jewish Quarter of Philadelphia: A History & Guide 1881-1930,2025-10-04 14:22:00,2025-10-04 10:40:00,-,$85.48,66%,⇧,-,-,-,$5.37,15.00%,2016-11-24,Books,"History, Americas, United States, State & Local",Books > Subjects > History > Americas > United States > State & Local,096698840X,-,-,Jewish Walking Tours of,Jewish Walking Tours of,-,-,-,"Boonin, Harry D.",-,paperback,good,-,-,2000-01-02,-,-,0.59 kg,1.3 cm,27.7 cm,21.6 cm,-,-,-,-,"1,432,280","4,093,422",-,"4,234,187","4,002,347","3,234,527",-,-,-,-,1,-,-,-,6,A2C7LWBOJW610L,JACARANDA TRADE,$49.00,-,-,-,-,121.34,-,-,-,-,-,-,-,-,-,-,-,-,-,-,-,-,-,-,$49.00,-,-,-,-,113.21,-,-,-,-,-,-,$49.00,-,-,-,-,105.93,$15.25,-,-,-,-,-,-,-,-,-,-,-,-,-,-,-,-,-,$29.48,-,-,-,-,$115.52,-,-,-,-,-,-,$25.00,-,-,-,-,$92.19,-,-,-,-,-,-,-,-,-,-,-,$140.01,-,-,-,-,-,-,$29.48,-,-,-,-,$369.85,-,-,-,-,-,-,$29.48,-,-,-,-,$95.04,-,-,-,-,-,-,$35.09,-,-,-,-,$134.41,-,-,-,-,-,-,$29.95,-,-,-,-,-,-,-,-,-,-,-,1,-,-,-,-,0,6,-,-,-,-,6,118,0.97/10,$29.48,$25.45,Seasonal,None,All Year,Mar,$146.64,Jan,$23.98,61%,67.177,61.07,85.57,58.35379159847245,27.366
72%,-,71%,-,-,yes,2025-10-01T19:04:00-04:00,https://www.amazon.com/dp/0964944936?psc=1&aod=1,https://keepa.com/#!product/1-0964944936,In Pursuit of the McCartys,2025-10-04 14:22:00,2025-10-02 14:18:00,-,$78.64,61%,⇩,-,-,-,$5.52,15.00%,2016-11-30,Books,"Biographies & Memoirs, Historical",Books > Subjects > Biographies & Memoirs > Historical,0964944936,-,-,"Reflections Publishing Co: Cove, OR",Reflections Pub. Co,-,-,-,"Skovlin, Jon M.",-,Paperback,very good,-,-,2001-12-13,-,-,0.73 kg,2.8 cm,22.4 cm,15.0 cm,-,-,-,-,"882,244","3,506,300",-,"2,969,479","2,636,449","2,647,511",-,-,-,-,1,-,-,-,8,A2LAZA9IUFPA4W,"GF Books, Inc.",-,-,-,-,-,223.46,-,-,-,-,-,-,-,-,-,-,-,-,-,-,-,-,-,-,$750.22,-,-,-,-,442.82,-,-,-,-,-,-,-,-,-,-,-,68.57,$39.59,-,-,-,-,-,$750.22,-,-,-,-,$516.42,-,-,-,-,-,-,$149.95,-,-,-,-,$146.69,-,-,-,-,-,-,$30.60,-,-,-,-,$104.62,-,-,-,-,-,-,-,-,-,-,-,$74.20,-,-,-,-,-,-,$30.60,-,-,-,-,$121.34,-,-,-,-,-,-,$149.95,-,-,-,-,$132.78,-,-,-,-,-,-,$149.95,-,-,-,-,$118.39,-,-,-,-,-,-,$149.95,-,-,-,-,-,-,-,-,-,-,-,1,-,-,-,-,1,4,-,-,-,-,3,11968,0.86/10,$30.60,$30.60,Seasonal,None,All Year,Jul,$126.99,Oct,$34.03,34%,65.39335,59.448499999999996,67.5415,53.18647137569887,24.568499999999997
72%,-,70%,-,-,yes,2025-10-04T12:40:00-04:00,https://www.amazon.com/dp/1612190022?psc=1&aod=1,https://keepa.com/#!product/1-1612190022,The Collected Stories of Heinrich Boll,2025-10-04 14:22:00,2025-10-04 12:40:00,-,$65.10,66%,⇩,-,-,-,$5.77,15.00%,2016-10-29,Books,"Literature & Fiction, Genre Fiction, Psychological",Books > Subjects > Literature & Fiction > Genre Fiction > Psychological,1612190022,-,-,Melville House,Melville House,-,-,-,"Boll, Heinrich",-,paperback,good,-,-,2011-12-27,-,-,0.80 kg,4.7 cm,20.8 cm,14.2 cm,2011-03-15,-,-,-,"417,353","3,315,711",-,"3,434,355","3,322,789","3,193,646",-,-,-,-,2,-,-,-,7,A2QVWT0ESGUXPH,ThriftBooks-Phoenix,-,-,-,-,-,496.00,-,-,-,-,-,-,-,-,-,-,-,-,-,-,-,-,-,-,$1209.63,-,-,-,-,1289.49,-,-,-,-,-,-,-,-,-,-,-,-,-,-,-,-,-,-,$1214.38,-,-,-,-,$1314.52,-,-,-,-,-,-,$22.30,-,-,-,-,$87.03,-,-,-,-,-,-,$22.30,-,-,-,-,$73.51,-,-,-,-,-,-,-,-,-,-,-,-,-,-,-,-,-,-,$61.72,-,-,-,-,$87.87,-,-,-,-,-,-,$22.30,-,-,-,-,$76.76,-,-,-,-,-,-,$22.31,-,-,-,-,$86.28,-,-,-,-,-,-,$29.95,-,-,-,-,-,-,-,-,-,-,-,1,-,-,-,-,1,7,-,-,-,-,4,409901,0.95/10,$22.30,$22.42,Seasonal,None,All Year,Dec,$234.78,Apr,$48.62,53%,73.8672,67.15199999999999,167.62800000000001,71.39790442116023,40.986999999999995
72%,-,42%,-,-,no,2025-10-04T08:40:00-04:00,https://www.amazon.com/dp/0745919243?psc=1&aod=1,https://keepa.com/#!product/1-0745919243,The Tale of Anabelle Hedgehog (Riverbank Stories),2025-10-04 14:22:00,2025-10-04 08:40:00,-,$26.29,1%,⇧,-,-,-,$3.43,15.00%,2015-11-30,Books,Children's Books,Books > Subjects > Children's Books,0745919243,-,-,Chariot Victor Pub,Lion Children's Bks,-,-,-,"Lawhead, Steve",-,Hardcover,acceptable,-,-,2000-01-02,-,-,0.28 kg,1.5 cm,20.9 cm,14.1 cm,-,-,-,-,"836,339","2,485,267",-,"2,396,143","2,167,013","2,076,600",-,-,-,-,2,-,-,-,15,A113D4WS2VG6VO,Jj book,-,-,-,-,-,125.57,-,-,-,-,-,-,-,-,-,-,-,-,-,-,-,-,-,-,-,-,-,-,-,125.57,-,-,-,-,-,-,-,-,-,-,-,-,$15.32,-,-,-,-,-,-,-,-,-,-,$125.57,-,-,-,-,-,-,-,-,-,-,-,$64.71,-,-,-,-,-,-,$26.14,-,-,-,-,$45.35,-,-,-,-,-,-,-,-,-,-,-,-,-,-,-,-,-,-,-,-,-,-,-,$54.87,-,-,-,-,-,-,$26.14,-,-,-,-,$65.74,-,-,-,-,-,-,$26.39,-,-,-,-,$58.06,-,-,-,-,-,-,$9.99,-,-,-,-,-,-,-,-,-,-,-,0,-,-,-,-,0,3,-,-,-,-,4,1103,0.80/10,$26.14,$29.91,Seasonal,None,All Year,Jul,$45.33,Jan,$12.56,50%,48.85815,44.4165,0.9134999999999991,2.015221707478489,10.2295
64%,-,7%,-,-,no,2025-10-02T22:00:00-04:00,https://www.amazon.com/dp/1473827159?psc=1&aod=1,https://keepa.com/#!product/1-1473827159,The Battle for Burma - Wild Green Earth,2025-10-04 14:22:00,2025-10-02 22:00:00,-,$16.00,0%,⇩,-,-,-,$4.99,14.98%,2016-12-27,Books,"Biographies & Memoirs, Leaders & Notable People, Military, World War II",Books > Subjects > Biographies & Memoirs > Leaders & Notable People > Military > World War II,1473827159,-,-,Pen and Sword Military,Pen & Sword Military,-,-,-,"Fergusson, Bernard",-,paperback,very good,-,-,2016-03-30,-,-,0.46 kg,2.3 cm,23.1 cm,15.5 cm,2015-05-30,-,-,-,"1,067,025","2,330,227",-,"3,091,588","4,341,487","4,417,291",-,-,-,-,1,-,-,-,4,AXXJIIN6V31P8,GreatBookDealz,-,-,-,-,-,21.04,-,-,-,-,-,-,-,-,-,-,-,$21.29,-,-,-,-,-,-,-,-,-,-,-,26.72,-,-,-,-,-,-,-,-,-,-,-,-,-,-,-,-,-,-,-,-,-,-,-,$37.23,-,-,-,-,-,-,-,-,-,-,-,$45.24,-,-,-,-,-,-,$32.83,-,-,-,-,$35.31,-,-,-,-,-,-,-,-,-,-,-,-,-,-,-,-,-,-,$32.83,-,-,-,-,$44.00,-,-,-,-,-,-,$32.84,-,-,-,-,$49.96,-,-,-,-,-,-,-,-,-,-,-,-,-,-,-,-,-,-,$24.95,-,-,-,-,-,-,-,-,-,-,-,0,-,-,-,-,1,4,-,-,-,-,5,4496,0.90/10,$32.83,$20.92,Year-Round,None,All Year,Jul,$19.75,Apr,$11.13,33%,54.07605500000001,49.160050000000005,-29.410050000000005,-148.91164556962028,7.948550000000001
71%,-,71%,-,-,yes,2025-10-03T15:16:00-04:00,https://www.amazon.com/dp/0134446038?psc=1&aod=1,https://keepa.com/#!product/1-0134446038,Intermediate Algebra,2025-10-04 14:22:00,2025-10-03 15:16:00,-,Too New,Too New,⇩,-,-,-,$7.40,15.00%,2017-03-23,Books,"Science & Math, Mathematics, Pure Mathematics, Algebra",Books > Subjects > Science & Math > Mathematics > Pure Mathematics > Algebra,0134446038,-,-,Pearson,Pearson,-,-,-,"Lial, Margaret",-,loose_leaf,acceptable,-,-,2017-02-06,-,-,1.96 kg,5.4 cm,29.4 cm,27.4 cm,2017-02-07,-,-,-,"1,106,411","807,031",-,"807,031","807,031","807,031",-,-,-,-,0,-,-,-,0,A1E3Q3IXSLVMLQ,firstclassbooks,$90.23,-,-,-,-,116.02,-,-,-,-,-,-,$90.23,-,-,-,-,$158.67,-,-,-,-,-,-,$90.23,-,-,-,-,93.13,-,-,-,-,-,-,-,-,-,-,-,-,$114.99,-,-,-,-,-,-,-,-,-,-,$91.79,-,-,-,-,-,-,$24.99,-,-,-,-,$66.39,-,-,-,-,-,-,$24.97,-,-,-,-,$86.62,-,-,-,-,-,-,$24.99,-,-,-,-,$107.04,-,-,-,-,-,-,-,-,-,-,-,-,-,-,-,-,-,-,$24.97,-,-,-,-,$93.72,-,-,-,-,-,-,-,-,-,-,-,-,-,-,-,-,-,-,$186.65,-,-,-,-,-,-,-,-,-,-,-,1,-,-,-,-,2,3,-,-,-,-,1,122260,0.91/10,$24.97,-,Year-Round,Textbook (Summer),Jul - Sep,-,-,-,-,0%,0.0,0.0,0.0,0.0,0.0
71%,-,48%,-,-,no,2025-10-01T17:06:00-04:00,https://www.amazon.com/dp/098363775X?psc=1&aod=1,https://keepa.com/#!product/1-098363775X,Coquito Classico: Lectura inicial (Spanish Edition),2025-10-04 14:22:00,2025-10-01 17:06:00,-,$19.51,0%,⇧,-,-,-,$3.43,14.99%,2016-09-20,Books,"Children's Books, Education & Reference, Language Study, Spanish",Books > Subjects > Children's Books > Education & Reference > Language Study > Spanish,098363775X,-,-,Ediciones Coquito USA Llc,-,-,-,-,"Santillana, Everardo Zapata",-,paperback,very good,-,-,2016-01-01,-,-,0.27 kg,1.0 cm,26.9 cm,20.1 cm,2016-01-26,-,-,-,"879,218","3,237,187",-,"3,179,081","2,552,542","1,942,699",-,-,-,-,1,-,-,-,13,A318PB6Z1EAECP,JAPAN SELECT,-,-,-,-,-,-,-,-,-,-,-,-,-,-,-,-,-,-,-,-,-,-,-,-,-,-,-,-,-,74.69,-,-,-,-,-,-,-,-,-,-,-,-,$8.53,-,-,-,-,-,-,-,-,-,-,$61.41,-,-,-,-,-,-,-,-,-,-,-,$47.75,-,-,-,-,-,-,$29.32,-,-,-,-,$55.91,-,-,-,-,-,-,-,-,-,-,-,-,-,-,-,-,-,-,$34.31,-,-,-,-,$78.59,-,-,-,-,-,-,$34.11,-,-,-,-,$34.18,-,-,-,-,-,-,-,-,-,-,-,$81.12,-,-,-,-,-,-,$11.95,-,-,-,-,-,-,-,-,-,-,-,0,-,-,-,-,1,3,-,-,-,-,5,6629,0.96/10,$34.11,$29.32,Seasonal,None,All Year,May,$55.20,Aug,$6.46,62%,59.68597800000001,54.259980000000006,0.940019999999997,1.70293478260869,11.70448
71%,-,55%,-,-,no,2025-09-27T00:50:00-04:00,https://www.amazon.com/dp/1401263674?psc=1&aod=1,https://keepa.com/#!product/1-1401263674,Batman: New Gotham Vol. 1,2025-10-04 14:22:00,2025-10-03 12:12:00,-,$38.40,25%,⇩,-,-,-,$5.37,15.00%,2015-11-22,Books,"Comics & Graphic Novels, Graphic Novels, Superheroes",Books > Subjects > Comics & Graphic Novels > Graphic Novels > Superheroes,1401263674,-,-,DC Comics,DC Comics,-,-,-,"Rucka, Greg",-,paperback,very good,-,-,2017-05-30,-,-,0.58 kg,1.5 cm,25.6 cm,16.9 cm,2015-11-22,-,-,-,"529,944","1,793,219",-,"2,052,992","1,771,513","1,522,670",-,-,-,-,3,-,-,-,20,AIVQ2DJS229X7,HPB Inc.,-,-,-,-,-,70.99,-,-,-,-,-,-,-,-,-,-,-,-,-,-,-,-,-,-,$69.95,-,-,-,-,65.81,-,-,-,-,-,-,-,-,-,-,-,53.99,$14.00,-,-,-,-,-,$73.94,-,-,-,-,$71.87,-,-,-,-,-,-,$25.79,-,-,-,-,$67.79,-,-,-,-,-,-,$24.00,-,-,-,-,$53.64,-,-,-,-,-,-,-,-,-,-,-,$53.96,-,-,-,-,-,-,$25.79,-,-,-,-,$44.69,-,-,-,-,-,-,$36.81,-,-,-,-,$58.89,-,-,-,-,-,-,-,-,-,-,-,$44.99,-,-,-,-,-,-,$29.99,-,-,-,-,-,-,-,-,-,-,-,1,-,-,-,-,1,3,-,-,-,-,3,67525,0.96/10,$28.99,$24.00,Seasonal,None,All Year,Jul,$47.93,Sep,$21.52,69%,54.712900000000005,49.739,-1.8089999999999975,-3.7742541205925253,12.5595
71%,-,72%,-,-,no,2025-10-04T12:28:00-04:00,https://www.amazon.com/dp/0195366816?psc=1&aod=1,https://keepa.com/#!product/1-0195366816,Common Law Marriage: A Legal Institution for Cohabitation,2025-10-04 14:22:00,2025-10-04 12:40:00,-,Too New,Too New,⇧,-,-,-,$7.32,15.00%,2011-03-26,Books,"Law, Family Law, Domestic Relations",Books > Subjects > Law > Family Law > Domestic Relations,0195366816,-,-,Oxford University Press,"Oxford University Press, USA",-,-,-,"Lind, Goran",-,hardcover,good,-,-,2008-09-02,-,-,1.84 kg,6.2 cm,24.0 cm,15.8 cm,-,-,-,-,"711,264","9,030,944",-,"8,675,272","8,208,364","7,685,316",-,-,-,-,1,-,-,-,2,A21I6SH8GPCODY,books_from_california,$170.00,-,-,-,-,162.42,-,-,-,-,-,-,$170.00,-,-,-,-,$162.26,-,-,-,-,-,-,$170.00,-,-,-,-,164.60,-,-,-,-,-,-,-,-,-,-,-,169.99,$160.00,-,-,-,-,-,$170.00,-,-,-,-,$196.07,-,-,-,-,-,-,$25.18,-,-,-,-,$83.43,-,-,-,-,-,-,$21.19,-,-,-,-,$76.94,-,-,-,-,-,-,$211.15,-,-,-,-,$172.95,-,-,-,-,-,-,$25.43,-,-,-,-,$161.21,-,-,-,-,-,-,$25.18,-,-,-,-,$83.05,-,-,-,-,-,-,-,-,-,-,-,$181.98,-,-,-,-,-,-,$170.00,-,-,-,-,-,-,-,-,-,-,-,6,-,-,-,-,1,5,-,-,-,-,3,246057,0.96/10,$25.18,$24.83,Year-Round,Law School,Oct,-,-,-,-,5%,0.0,0.0,0.0,0.0,0.0
71%,-,57%,-,-,no,2025-09-24T07:40:00-04:00,https://www.amazon.com/dp/0934601348?psc=1&aod=1,https://keepa.com/#!product/1-0934601348,Totalee Awesome: A Complete Guide to Body-Building Success,2025-10-04 14:22:00,2025-09-30 23:44:00,-,$35.25,2%,⇩,-,-,-,$4.99,15.00%,2011-04-10,Books,"Health, Fitness & Dieting, Exercise & Fitness, Weight Training","Books > Subjects > Health, Fitness & Dieting > Exercise & Fitness > Weight Training",0934601348,-,-,Peachtree Pub Ltd,Brand: Peachtree Pub Ltd,-,-,-,"Haney, Lee",-,paperback,good,-,-,2000-01-02,-,-,0.50 kg,1.5 cm,26.9 cm,22.1 cm,2015-06-17,-,-,-,"1,109,671","1,272,976",-,"2,889,783","2,833,510","2,730,590",-,-,-,-,4,-,-,-,12,A3IO9MOV2M18YG,Driftless Books and Music,-,-,-,-,-,1235.33,-,-,-,-,-,-,-,-,-,-,-,-,-,-,-,-,-,-,$393.63,-,-,-,-,1106.85,-,-,-,-,-,-,-,-,-,-,-,-,-,-,-,-,-,-,$397.78,-,-,-,-,$1108.99,-,-,-,-,-,-,$53.41,-,-,-,-,$77.09,-,-,-,-,-,-,$30.00,-,-,-,-,$70.35,-,-,-,-,-,-,$153.49,-,-,-,-,$153.79,-,-,-,-,-,-,-,-,-,-,-,$75.90,-,-,-,-,-,-,$34.69,-,-,-,-,$73.22,-,-,-,-,-,-,-,-,-,-,-,$224.56,-,-,-,-,-,-,$14.95,-,-,-,-,-,-,-,-,-,-,-,2,-,-,-,-,1,4,-,-,-,-,6,3935,0.95/10,$34.69,$30.00,Seasonal,New Year/Fitness,Jan,Oct,$55.59,Sep,$33.05,34%,62.1423,56.492999999999995,-0.9029999999999916,-1.6243928764166065,13.3285
71%,-,65%,-,-,no,2025-10-03T02:34:00-04:00,https://www.amazon.com/dp/1608860876?psc=1&aod=1,https://keepa.com/#!product/1-1608860876,Clive Barker's Hellraiser 2,2025-10-04 14:22:00,2025-10-03 02:34:00,-,$402.11,92%,⇩,-,-,-,$3.43,15.00%,2012-01-28,Books,"Comics & Graphic Novels, Graphic Novels, Horror",Books > Subjects > Comics & Graphic Novels > Graphic Novels > Horror,1608860876,-,-,BOOM! Studios,Boom! Studios,-,-,-,"Barker, Clive",-,Paperback,good,-,-,2012-02-07,-,-,0.24 kg,0.8 cm,25.6 cm,16.8 cm,2011-07-17,-,-,-,"680,345","3,064,087",-,"2,170,021","2,222,844","2,037,473",-,-,-,-,1,-,-,-,21,AND2NDFZDXJ0G,goodwill_industries_of_san_diego,-,-,-,-,-,-,-,-,-,-,-,-,-,-,-,-,-,-,-,-,-,-,-,-,-,-,-,-,-,-,-,-,-,-,-,-,-,-,-,-,-,-,$49.98,-,-,-,-,-,-,-,-,-,-,$457.11,-,-,-,-,-,-,-,-,-,-,-,$428.64,-,-,-,-,-,-,$32.16,-,-,-,-,$91.23,-,-,-,-,-,-,-,-,-,-,-,$465.74,-,-,-,-,-,-,-,-,-,-,-,$44.40,-,-,-,-,-,-,-,-,-,-,-,$257.26,-,-,-,-,-,-,$32.16,-,-,-,-,$168.79,-,-,-,-,-,-,$14.99,-,-,-,-,-,-,-,-,-,-,-,0,-,-,-,-,0,5,-,-,-,-,2,54751,0.97/10,$32.16,$32.21,Seasonal,Halloween,Sep - Oct,Jul,$900.03,May,$24.02,48%,196.83675000000002,178.9425,721.0875,80.11816272790907,138.43449999999999
71%,-,54%,-,-,no,2025-10-04T01:08:00-04:00,https://www.amazon.com/dp/1432887467?psc=1&aod=1,https://keepa.com/#!product/1-1432887467,The Hunting Wives,2025-10-04 14:22:00,2025-10-04 01:08:00,-,Too New,Too New,⇧,-,-,-,$5.52,15.00%,2021-06-22,Books,"Literature & Fiction, Women's Fiction",Books > Subjects > Literature & Fiction > Women's Fiction,1432887467,-,-,Thorndike Press Large Print,-,-,-,-,"Cobb, Mary",-,library,very good,-,-,2021-07-06,-,-,0.79 kg,2.5 cm,22.4 cm,15.0 cm,2021-03-19,-,-,-,"659,716","1,728,025",-,"1,728,025","1,728,025","1,728,025",-,-,-,-,1,-,-,-,1,ATVPDKIKX0DER,Amazon.com,$35.99,-,-,-,-,35.98,-,-,-,-,-,-,$35.99,-,-,-,-,$35.98,-,-,-,-,-,-,$35.99,-,-,-,-,86.22,-,-,-,-,-,-,-,-,-,-,-,-,-,-,-,-,-,-,-,-,-,-,-,$93.22,-,-,-,-,-,-,-,-,-,-,-,$47.79,-,-,-,-,-,-,$40.68,-,-,-,-,$88.68,-,-,-,-,-,-,-,-,-,-,-,$85.98,-,-,-,-,-,-,-,-,-,-,-,$40.00,-,-,-,-,-,-,$40.68,-,-,-,-,$47.66,-,-,-,-,-,-,-,-,-,-,-,-,-,-,-,-,-,-,$35.99,-,-,-,-,-,-,-,-,-,-,-,1,-,-,-,-,1,2,-,-,-,-,2,-,New Seller,$35.99,$39.12,Year-Round,None,All Year,-,-,-,-,13%,0.0,0.0,0.0,0.0,0.0
74%,-,62%,-,-,yes,2025-10-03T21:04:00-04:00,https://www.amazon.com/dp/1860827721?psc=1&aod=1,https://keepa.com/#!product/1-1860827721,"Christian Fasting: Disciplining the body, awakening the spirit",2025-10-04 14:22:00,2025-10-03 21:04:00,-,$62.07,49%,⇩,-,-,-,$2.29,15.01%,2018-03-09,Books,-,Books > Subjects,1860827721,-,-,Catholic Truth Society,-,-,-,-,Sr. Mary David Totah,-,Paperback,New,-,-,2012-01-01,-,-,0.04 kg,0.8 cm,14.4 cm,10.2 cm,2012-01-23,-,-,-,"1,041,205","3,097,729",-,"3,433,112","3,850,596","3,922,947",-,-,-,-,2,-,-,-,7,A34MOU1WOG7LRW,Zoom Books Company,-,-,-,-,-,-,-,-,-,-,-,-,-,-,-,-,-,-,-,-,-,-,-,-,-,-,-,-,-,-,-,-,-,-,-,-,-,-,-,-,-,-,-,-,-,-,-,-,-,-,-,-,-,-,-,-,-,-,-,-,$31.56,-,-,-,-,$174.40,-,-,-,-,-,-,$27.56,-,-,-,-,$72.21,-,-,-,-,-,-,-,-,-,-,-,$29.85,-,-,-,-,-,-,$31.57,-,-,-,-,$91.14,-,-,-,-,-,-,$31.56,-,-,-,-,$187.25,-,-,-,-,-,-,-,-,-,-,-,-,-,-,-,-,-,-,-,-,-,-,-,-,-,-,-,-,-,-,0,-,-,-,-,-,3,-,-,-,-,3,12572,0.96/10,$31.56,$31.56,Seasonal,None,All Year,May,$179.93,Dec,$14.73,36%,71.70404230000001,65.18549300000001,114.744507,63.77174845773356,29.297493000000003
71%,-,70%,-,-,no,2025-09-28T23:32:00-04:00,https://www.amazon.com/dp/0065009827?psc=1&aod=1,https://keepa.com/#!product/1-0065009827,Lifespan Development/Instructor's Ed.,2025-10-04 14:22:00,2025-09-28 23:32:00,-,Too New,Too New,⇩,-,-,-,$6.62,15.00%,2017-03-12,Books,"Health, Fitness & Dieting, Psychology & Counseling","Books > Subjects > Health, Fitness & Dieting > Psychology & Counseling",0065009827,-,-,Harpercollins College Div,-,-,-,-,"Bee, Helen L.",-,hardcover,very good,-,-,-,-,-,1.29 kg,3.0 cm,25.7 cm,20.1 cm,-,-,-,-,"1,462,204","915,666",-,"915,666","6,795,064","6,946,546",-,-,-,-,0,-,-,-,1,AINLAEBP9YFV7,Jazemmali,-,-,-,-,-,-,-,-,-,-,-,-,-,-,-,-,-,-,-,-,-,-,-,-,-,-,-,-,-,249.99,-,-,-,-,-,-,-,-,-,-,-,-,-,-,-,-,-,-,-,-,-,-,-,$249.99,-,-,-,-,-,-,-,-,-,-,-,$198.94,-,-,-,-,-,-,$38.95,-,-,-,-,$129.11,-,-,-,-,-,-,-,-,-,-,-,-,-,-,-,-,-,-,$44.87,-,-,-,-,$185.84,-,-,-,-,-,-,-,-,-,-,-,$115.30,-,-,-,-,-,-,-,-,-,-,-,$82.11,-,-,-,-,-,-,$25.01,-,-,-,-,-,-,-,-,-,-,-,0,-,-,-,-,1,1,-,-,-,-,4,274,0.89/10,$44.87,$52.79,Year-Round,None,All Year,Nov,$249.51,Sep,$37.12,30%,107.69,97.89999999999999,151.61,60.763095667508324,44.046499999999995
69%,-,39%,-,-,no,2025-09-20T10:56:00-04:00,https://www.amazon.com/dp/067022460X?psc=1&aod=1,https://keepa.com/#!product/1-067022460X,The City Park: A Reproduction of an Antique Stand-up Book,2025-10-04 14:22:00,2025-10-01 17:04:00,-,$38.41,38%,⇧,-,-,-,$4.99,15.00%,2015-06-01,Books,-,Books > Subjects,067022460X,-,-,Viking Juvenile,-,-,-,-,"Meggendorfer, Lothar",-,hardcover,acceptable,-,-,1981-11-16,-,-,0.50 kg,1.8 cm,26.2 cm,23.0 cm,-,-,-,-,"1,427,025","3,113,036",-,"2,968,193","3,556,271","3,712,817",-,-,-,-,1,-,-,-,4,A1UEU9AQT0O9WX,No Seller Info,-,-,-,-,-,-,-,-,-,-,-,-,-,-,-,-,-,-,-,-,-,-,-,-,-,-,-,-,-,202.49,-,-,-,-,-,-,-,-,-,-,-,-,$34.99,-,-,-,-,-,-,-,-,-,-,-,-,-,-,-,-,-,-,-,-,-,-,$51.52,-,-,-,-,-,-,$20.00,-,-,-,-,$32.85,-,-,-,-,-,-,-,-,-,-,-,-,-,-,-,-,-,-,-,-,-,-,-,$70.22,-,-,-,-,-,-,$24.99,-,-,-,-,$35.07,-,-,-,-,-,-,-,-,-,-,-,$19.95,-,-,-,-,-,-,$10.95,-,-,-,-,-,-,-,-,-,-,-,0,-,-,-,-,0,6,-,-,-,-,1,N/A,N/A,$23.99,$82.38,Seasonal,None,All Year,Aug,$107.95,Nov,$15.99,24%,58.42320000000001,53.112,54.838,50.79944418712367,21.182499999999997
70%,-,62%,-,-,yes,2025-10-03T20:32:00-04:00,https://www.amazon.com/dp/9041115684?psc=1&aod=1,https://keepa.com/#!product/1-9041115684,Comparative International Commercial Arbitration,2025-10-04 14:22:00,2025-10-03 20:32:00,-,$82.17,43%,⇩,-,-,-,$7.16,15.00%,2011-04-10,Books,"Law, Business, Commercial",Books > Subjects > Law > Business > Commercial,9041115684,-,-,Springer,Springer,-,-,-,"Lew, Julian D. M.",-,hardcover,good,-,-,2001-05-01,-,-,1.70 kg,6.1 cm,24.6 cm,17.1 cm,-,-,-,-,"691,892","4,098,736",-,"2,955,578","3,324,095","3,216,965",-,-,-,-,1,-,-,-,7,AFJSFHKSHU1G7,ThriftBooks-Baltimore,$379.00,-,-,-,-,379.00,-,-,-,-,-,-,$379.00,-,-,-,-,$379.00,-,-,-,-,-,-,$374.90,-,-,-,-,377.10,-,-,-,-,-,-,-,-,-,-,-,-,-,-,-,-,-,-,$378.89,-,-,-,-,$426.55,-,-,-,-,-,-,$46.71,-,-,-,-,$123.19,-,-,-,-,-,-,$40.20,-,-,-,-,$104.85,-,-,-,-,-,-,$413.54,-,-,-,-,$404.08,-,-,-,-,-,-,$378.85,-,-,-,-,$231.70,-,-,-,-,-,-,$46.71,-,-,-,-,$112.65,-,-,-,-,-,-,$46.72,-,-,-,-,$233.32,-,-,-,-,-,-,$379.00,-,-,-,-,-,-,-,-,-,-,-,5,-,-,-,-,4,5,-,-,-,-,7,346046,0.96/10,$46.71,$176.77,Seasonal,Law School,Oct,Jan,$204.74,Apr,$67.44,41%,98.63315,89.6665,115.07350000000001,56.204698642180325,37.870999999999995
70%,-,84%,-,-,yes,2025-10-04T04:50:00-04:00,https://www.amazon.com/dp/9657489164?psc=1&aod=1,https://keepa.com/#!product/1-9657489164,"The Big Book of NLP, Expanded: 350+ Techniques, Patterns & Strategies of Neuro Linguistic Programming",2025-10-04 14:22:00,2025-10-04 04:50:00,-,$255.09,86%,⇧,-,-,-,$5.87,15.00%,2018-11-28,Books,"Self-Help, Neuro-Linguistic Programming",Books > Subjects > Self-Help > Neuro-Linguistic Programming,9657489164,-,-,Inner Patch Publishing,-,-,-,-,"Vaknin, Shlomo",-,Paperback,good,-,-,2018-11-27,-,-,0.94 kg,2.8 cm,25.1 cm,20.1 cm,2018-11-27,-,-,-,"1,084,268","5,486,177",-,"5,683,927","5,077,308","4,201,521",-,-,-,-,1,-,-,-,4,A1QJ4UH6FW3UH1,ThriftBooks-Atlanta,-,-,-,-,-,499.99,-,-,-,-,-,-,-,-,-,-,-,-,-,-,-,-,-,-,-,-,-,-,-,499.99,-,-,-,-,-,-,-,-,-,-,-,-,-,-,-,-,-,-,-,-,-,-,-,$499.99,-,-,-,-,-,-,$36.00,-,-,-,-,$277.61,-,-,-,-,-,-,$36.00,-,-,-,-,$224.65,-,-,-,-,-,-,-,-,-,-,-,$54.99,-,-,-,-,-,-,-,-,-,-,-,$37.37,-,-,-,-,-,-,$36.00,-,-,-,-,$297.53,-,-,-,-,-,-,-,-,-,-,-,$100.00,-,-,-,-,-,-,$18.00,-,-,-,-,-,-,-,-,-,-,-,0,-,-,-,-,0,2,-,-,-,-,2,637324,0.96/10,$36.00,$15.61,Year-Round,None,All Year,Nov,$500.00,Oct,$15.61,43%,133.562,121.42,378.58,75.716,80.87
69%,-,64%,-,-,no,2025-09-26T09:04:00-04:00,https://www.amazon.com/dp/0340396938?psc=1&aod=1,https://keepa.com/#!product/1-0340396938,"Bernard Freyberg, Vc: Soldier of Two Nations",2025-10-04 14:22:00,2025-10-02 23:30:00,-,$58.22,19%,⇩,-,-,-,$6.21,15.00%,2016-11-27,Books,Biographies & Memoirs,Books > Subjects > Biographies & Memoirs,0340396938,-,-,Hodder & Stoughton,Hodder & Stoughton,-,-,-,"Freyberg, Paul",-,hardcover,very good,-,-,2000-01-02,-,-,1.20 kg,5.6 cm,24.0 cm,16.0 cm,-,-,-,-,"1,445,079","5,680,763",-,"5,698,865","5,396,083","5,877,910",-,-,-,-,1,-,-,-,2,A1I1ZN1NPA23U6,MGoddingBooksLtd,-,-,-,-,-,-,-,-,-,-,-,-,-,-,-,-,-,-,-,-,-,-,-,-,-,-,-,-,-,-,-,-,-,-,-,-,-,-,-,-,-,-,-,-,-,-,-,-,-,-,-,-,-,-,-,-,-,-,-,-,$52.59,-,-,-,-,$112.22,-,-,-,-,-,-,$32.00,-,-,-,-,$89.65,-,-,-,-,-,-,-,-,-,-,-,$100.00,-,-,-,-,-,-,$48.93,-,-,-,-,$100.92,-,-,-,-,-,-,$46.94,-,-,-,-,$92.75,-,-,-,-,-,-,-,-,-,-,-,-,-,-,-,-,-,-,$65.00,-,-,-,-,-,-,-,-,-,-,-,0,-,-,-,-,-,5,-,-,-,-,5,1525,0.97/10,$46.94,$63.95,Seasonal,None,All Year,Aug,$66.97,Jan,$52.59,15%,79.51074999999999,72.28249999999998,-5.312499999999986,-7.932656413319375,16.255499999999998
70%,-,63%,-,-,no,2025-10-03T22:42:00-04:00,https://www.amazon.com/dp/0930289099?psc=1&aod=1,https://keepa.com/#!product/1-0930289099,Demon with a glass hand (Science fiction graphic novel),2025-10-04 14:40:00,2025-10-03 22:42:00,-,$38.81,24%,⇩,-,-,-,$3.15,15.00%,2015-09-20,Books,"Comics & Graphic Novels, Publishers, DC",Books > Subjects > Comics & Graphic Novels > Publishers > DC,0930289099,-,-,DC Comics,-,-,-,-,Marshall Rogers,-,Paperback,good,-,-,2000-01-02,-,-,0.11 kg,0.5 cm,27.2 cm,21.1 cm,-,-,-,-,"243,318","3,777,019",-,"3,118,616","2,949,671","2,679,717",-,-,-,-,1,-,-,-,7,A16WQTHQGLFS37,ziesingbooks,-,-,-,-,-,-,-,-,-,-,-,-,-,-,-,-,-,-,-,-,-,-,-,-,$90.63,-,-,-,-,129.97,-,-,-,-,-,-,-,-,-,-,-,-,$49.95,-,-,-,-,-,$94.62,-,-,-,-,$148.53,-,-,-,-,-,-,$29.99,-,-,-,-,$87.12,-,-,-,-,-,-,$25.00,-,-,-,-,$68.47,-,-,-,-,-,-,-,-,-,-,-,-,-,-,-,-,-,-,$29.99,-,-,-,-,$79.54,-,-,-,-,-,-,$41.78,-,-,-,-,$81.96,-,-,-,-,-,-,-,-,-,-,-,$66.08,-,-,-,-,-,-,$49.95,-,-,-,-,-,-,-,-,-,-,-,1,-,-,-,-,2,2,-,-,-,-,4,1959,0.98/10,$29.62,$25.00,Seasonal,None,All Year,Jun,$58.71,Dec,$20.59,36%,54.77725,49.7975,8.912500000000001,15.180548458524957,11.9565
70%,-,75%,-,-,yes,2025-10-03T05:34:00-04:00,https://www.amazon.com/dp/B0016XBCES?psc=1&aod=1,https://keepa.com/#!product/1-B0016XBCES,MANAGING YOUR SEARCH PROJECT (6 ITEMS): 1. Assess Opportunity 2. Implement Search 3. Manage Transition 4. Career Profile 5. Search Project Organizer 6. Forms,2025-10-04 14:40:00,2025-10-03 05:50:00,-,$116.00,78%,⇩,-,-,-,$5.77,15.00%,2015-04-07,Books,-,Books > Subjects,B0016XBCES,-,-,AIM Lee Hecht Harrison,-,-,-,-,Lee Hecht Harrison,-,paperback,good,-,-,2000-01-02,-,-,0.86 kg,3.3 cm,28.7 cm,22.4 cm,-,-,-,-,"1,444,683","6,292,950",-,"6,069,048","5,534,905","4,843,322",-,-,-,-,1,-,-,-,1,A1RY5MD1K9Q1MX,illventure,-,-,-,-,-,120.46,-,-,-,-,-,-,-,-,-,-,-,-,-,-,-,-,-,-,$90.00,-,-,-,-,112.28,-,-,-,-,-,-,-,-,-,-,-,74.48,$49.00,-,-,-,-,-,$93.99,-,-,-,-,$115.33,-,-,-,-,-,-,$74.49,-,-,-,-,$106.60,-,-,-,-,-,-,$24.98,-,-,-,-,$98.67,-,-,-,-,-,-,$24.99,-,-,-,-,$117.04,-,-,-,-,-,-,$74.49,-,-,-,-,$97.89,-,-,-,-,-,-,$24.98,-,-,-,-,$69.57,-,-,-,-,-,-,-,-,-,-,-,$196.74,-,-,-,-,-,-,-,-,-,-,-,-,-,-,-,-,-,-,2,-,-,-,-,1,4,-,-,-,-,2,623,0.93/10,$24.98,$120.00,Seasonal,None,All Year,Jul,$124.99,Sep,$105.00,30%,58.84725000000001,53.4975,71.49249999999999,57.19857588607088,24.5185
70%,-,-7%,-,-,yes,2025-10-03T18:32:00-04:00,https://www.amazon.com/dp/1902587049?psc=1&aod=1,https://keepa.com/#!product/1-1902587049,Ling Ling: The Most Beautiful Giant Panda in the World,2025-10-04 14:40:00,2025-10-03 18:32:00,-,Too New,Too New,⇧,-,-,-,$3.33,15.00%,2011-04-10,Books,Children's Books,Books > Subjects > Children's Books,1902587049,-,-,East West Discovery Pr,Brand: East West Discovery Pr,-,-,-,"Shih, Bernadette",-,hardcover,good,-,-,1999-01-01,-,-,0.18 kg,0.5 cm,29.7 cm,21.8 cm,-,-,-,-,"707,564","6,881,632",-,"6,698,873","5,645,435","5,667,992",-,-,-,-,1,-,-,-,3,A1QJ4UH6FW3UH1,ThriftBooks-Atlanta,-,-,-,-,-,-,-,-,-,-,-,-,-,-,-,-,-,-,-,-,-,-,-,-,-,-,-,-,-,136.94,-,-,-,-,-,-,-,-,-,-,-,-,-,-,-,-,-,-,-,-,-,-,-,-,-,-,-,-,-,-,$25.59,-,-,-,-,$30.53,-,-,-,-,-,-,$25.59,-,-,-,-,$23.90,-,-,-,-,-,-,$29.38,-,-,-,-,$29.37,-,-,-,-,-,-,$29.36,-,-,-,-,$35.70,-,-,-,-,-,-,-,-,-,-,-,$7.26,-,-,-,-,-,-,$25.59,-,-,-,-,$34.74,-,-,-,-,-,-,$16.95,-,-,-,-,-,-,-,-,-,-,-,0,-,-,-,-,1,5,-,-,-,-,5,637324,0.96/10,$25.59,$2.25,Seasonal,None,All Year,Sep,$6.91,Dec,$1.99,23%,37.3846,33.986,-27.075999999999997,-391.8379160636758,4.3665
69%,-,48%,-,-,yes,2025-10-01T01:24:00-04:00,https://www.amazon.com/dp/0008492611?psc=1&aod=1,https://keepa.com/#!product/1-0008492611,Discovering London Illustrated Map,2025-10-04 14:40:00,2025-10-01 01:24:00,-,$9.75,0%,⇧,-,-,-,$2.38,14.97%,2021-11-18,Books,"Reference, Atlases & Maps, Travel Maps",Books > Subjects > Reference > Atlases & Maps > Travel Maps,0008492611,-,-,Collins,Collins,-,-,-,"Beddow, Dominic",-,map,very good,-,-,2022-05-01,-,-,0.08 kg,1.4 cm,20.4 cm,12.8 cm,2021-03-13,-,-,-,"1,347,983","1,394,613",-,"1,281,325","1,136,080","853,045",-,-,-,-,7,-,-,-,97,A3R81AWAUCTP1D,Evergreen Books Company,-,-,-,-,-,10.83,-,-,-,-,-,-,-,-,-,-,-,$8.94,-,-,-,-,-,-,-,-,-,-,-,9.73,-,-,-,-,-,-,-,-,-,-,-,-,$8.79,-,-,-,-,-,-,-,-,-,-,$14.96,-,-,-,-,-,-,$39.99,-,-,-,-,$320.08,-,-,-,-,-,-,$39.99,-,-,-,-,$76.96,-,-,-,-,-,-,-,-,-,-,-,$17.21,-,-,-,-,-,-,-,-,-,-,-,$16.21,-,-,-,-,-,-,$39.99,-,-,-,-,$143.37,-,-,-,-,-,-,-,-,-,-,-,$20.24,-,-,-,-,-,-,$8.95,-,-,-,-,-,-,-,-,-,-,-,0,-,-,-,-,4,3,-,-,-,-,1,52,0.93/10,$39.99,$8.95,Year-Round,Travel,May - Aug,Nov,$9.04,Feb,$5.62,78%,53.320066800000006,48.472788,-39.432788,-436.20340707964607,3.733288
69%,-,43%,-,-,no,2025-10-01T19:44:00-04:00,https://www.amazon.com/dp/0825425107?psc=1&aod=1,https://keepa.com/#!product/1-0825425107,Satisfied by the Promise of the Spirit: Affirming the Fullness of God's Provision for Spiritual Living,2025-10-04 14:40:00,2025-10-02 03:00:00,-,$36.45,30%,⇩,-,-,-,$3.53,15.00%,2014-05-10,Books,"Religion & Spirituality, Christian Books & Bibles, Theology, Salvation Theory",Books > Subjects > Religion & Spirituality > Christian Books & Bibles > Theology > Salvation Theory,0825425107,-,-,Kregel Academic & Professional,Kregel Academic & Professional,-,-,-,"Edgar, Thomas R.",-,Paperback,good,-,-,2000-01-02,-,-,0.34 kg,1.8 cm,21.3 cm,14.0 cm,-,-,-,-,"858,107","2,417,778",-,"1,995,969","1,600,395","1,520,369",-,-,-,-,1,-,-,-,25,A2YNM2SIDIG5OB,4theworld,-,-,-,-,-,129.08,-,-,-,-,-,-,-,-,-,-,-,-,-,-,-,-,-,-,-,-,-,-,-,56.35,-,-,-,-,-,-,-,-,-,-,-,104.93,$25.35,-,-,-,-,-,-,-,-,-,-,$43.08,-,-,-,-,-,-,-,-,-,-,-,$35.68,-,-,-,-,-,-,$20.00,-,-,-,-,$35.38,-,-,-,-,-,-,-,-,-,-,-,-,-,-,-,-,-,-,-,-,-,-,-,$40.59,-,-,-,-,-,-,$25.37,-,-,-,-,$35.86,-,-,-,-,-,-,-,-,-,-,-,$40.72,-,-,-,-,-,-,$13.99,-,-,-,-,-,-,-,-,-,-,-,0,-,-,-,-,1,2,-,-,-,-,5,1359,0.95/10,$25.37,$95.08,Seasonal,None,All Year,Jan,$65.74,Apr,$31.09,69%,51.446450000000006,46.7695,18.970499999999994,28.856860358989955,13.390999999999998
70%,-,5%,-,-,yes,2025-10-04T13:52:00-04:00,https://www.amazon.com/dp/0399209549?psc=1&aod=1,https://keepa.com/#!product/1-0399209549,Catch Me Kiss Me,2025-10-04 14:40:00,2025-10-04 13:52:00,-,$5.43,0%,⇩,-,-,-,$3.33,15.00%,2011-07-31,Books,Literature & Fiction,Books > Subjects > Literature & Fiction,0399209549,-,-,Philomel Books,Philomel Books,-,-,-,"Watson, Clyde",-,Hardcover,acceptable,-,-,1983-01-28,-,-,0.23 kg,0.5 cm,24.9 cm,19.6 cm,-,-,-,-,"1,496,671","1,889,427",-,"2,085,273","1,761,509","1,616,782",-,-,-,-,2,-,-,-,23,A2VMKCV4FSTN1U,Fast Cat Books,-,-,-,-,-,-,-,-,-,-,-,-,-,-,-,-,-,-,-,-,-,-,-,-,-,-,-,-,-,-,-,-,-,-,-,-,-,-,-,-,-,-,$29.07,-,-,-,-,-,-,-,-,-,-,-,-,-,-,-,-,-,$26.48,-,-,-,-,$44.91,-,-,-,-,-,-,$20.57,-,-,-,-,$21.74,-,-,-,-,-,-,$119.28,-,-,-,-,$119.27,-,-,-,-,-,-,$26.48,-,-,-,-,$33.03,-,-,-,-,-,-,$20.57,-,-,-,-,$26.44,-,-,-,-,-,-,$20.59,-,-,-,-,$29.53,-,-,-,-,-,-,$7.95,-,-,-,-,-,-,-,-,-,-,-,0,-,-,-,-,0,10,-,-,-,-,8,1267,0.79/10,$20.57,$21.56,Seasonal,Romance/Valentine's Day,Feb,Sep,$15.08,Nov,$3.08,39%,32.93455,29.9405,-14.8605,-98.54442970822281,5.5920000000000005
70%,-,40%,-,-,yes,2025-10-02T18:22:00-04:00,https://www.amazon.com/dp/1561632074?psc=1&aod=1,https://keepa.com/#!product/1-1561632074,The Adventures of a Lesbian College School Girl,2025-10-04 14:40:00,2025-10-03 21:12:00,-,$61.33,46%,⇧,-,-,-,$3.33,15.00%,2011-03-24,Books,"Comics & Graphic Novels, Graphic Novels",Books > Subjects > Comics & Graphic Novels > Graphic Novels,1561632074,-,-,Nbm Pub Co,-,-,-,-,Petra Waldron,-,paperback,very good,-,-,2000-01-02,-,-,0.20 kg,0.8 cm,27.4 cm,21.2 cm,-,-,-,-,"681,247","2,639,656",-,"2,608,060","2,487,314","2,902,336",-,-,-,-,2,-,-,-,9,AXXJIIN6V31P8,GreatBookDealz,-,-,-,-,-,-,-,-,-,-,-,-,-,-,-,-,-,-,-,-,-,-,-,-,$1216.51,-,-,-,-,1133.62,-,-,-,-,-,-,-,-,-,-,-,-,$33.60,-,-,-,-,-,$1216.51,-,-,-,-,$1091.83,-,-,-,-,-,-,$32.98,-,-,-,-,$78.56,-,-,-,-,-,-,$32.98,-,-,-,-,$54.72,-,-,-,-,-,-,-,-,-,-,-,-,-,-,-,-,-,-,$32.99,-,-,-,-,$56.13,-,-,-,-,-,-,$32.98,-,-,-,-,$61.30,-,-,-,-,-,-,-,-,-,-,-,$30.97,-,-,-,-,-,-,$9.95,-,-,-,-,-,-,-,-,-,-,-,1,-,-,-,-,1,4,-,-,-,-,3,4496,0.90/10,$32.98,$32.98,Seasonal,Textbook (Summer),Jul - Sep,Jul,$147.28,Feb,$25.00,47%,69.0811,62.800999999999995,84.47900000000001,57.35945138511679,25.421999999999997
70%,-,75%,-,-,yes,2025-10-04T13:30:00-04:00,https://www.amazon.com/dp/2733850679?psc=1&aod=1,https://keepa.com/#!product/1-2733850679,My Amazing Mozart Music Book,2025-10-04 14:40:00,2025-10-04 13:30:00,-,$19.72,0%,⇧,-,-,-,$4.99,15.00%,2017-09-29,Books,"Children's Books, Arts, Music & Photography, Music, Classical","Books > Subjects > Children's Books > Arts, Music & Photography > Music > Classical",2733850679,-,-,Auzou,AUZOU,-,-,-,"Godeau, Natacha",-,Board book,good,-,-,2017-10-17,-,-,0.55 kg,1.2 cm,25.1 cm,25.1 cm,2017-01-30,-,-,-,"1,322,215","1,238,300",-,"1,182,071","1,080,786","1,030,659",-,-,-,-,5,-,-,-,44,A66REUIM3OMP6,WeBuyBooks-UK,-,-,-,-,-,144.89,-,-,-,-,-,-,-,-,-,-,-,-,-,-,-,-,-,-,-,-,-,-,-,51.39,-,-,-,-,-,-,-,-,-,-,-,-,$14.94,-,-,-,-,-,-,-,-,-,-,$41.48,-,-,-,-,-,-,$77.47,-,-,-,-,$132.65,-,-,-,-,-,-,$24.00,-,-,-,-,$97.61,-,-,-,-,-,-,-,-,-,-,-,-,-,-,-,-,-,-,$27.99,-,-,-,-,$151.30,-,-,-,-,-,-,$76.28,-,-,-,-,$91.98,-,-,-,-,-,-,-,-,-,-,-,$47.83,-,-,-,-,-,-,$14.95,-,-,-,-,-,-,-,-,-,-,-,0,-,-,-,-,0,6,-,-,-,-,3,68280,0.95/10,$27.99,$19.58,Seasonal,None,All Year,Jul,$28.29,Feb,$6.18,63%,45.5103,41.373,-13.082999999999998,-46.24602332979851,9.2335
70%,-,-8%,-,-,yes,2025-10-04T13:12:00-04:00,https://www.amazon.com/dp/1953702902?psc=1&aod=1,https://keepa.com/#!product/1-1953702902,Cosori Dehydrator Cookbook,2025-10-04 14:40:00,2025-10-04 13:12:00,-,$12.34,0%,⇩,-,-,-,$3.43,15.01%,2020-10-16,Books,-,Books > Subjects,1953702902,-,-,Jake Cookbook,Jake Cookbook,-,-,-,Grina Clank,-,Paperback,like new,-,-,2020-10-14,-,-,0.26 kg,1.1 cm,25.4 cm,20.2 cm,2020-04-17,-,-,-,"233,715","1,609,038",-,"1,557,792","1,370,810","970,799",-,-,-,-,4,-,-,-,58,AFJSFHKSHU1G7,ThriftBooks-Baltimore,-,-,-,-,-,35.15,-,-,-,-,-,-,-,-,-,-,-,$14.46,-,-,-,-,-,-,-,-,-,-,-,26.35,-,-,-,-,-,-,-,-,-,-,-,-,$12.29,-,-,-,-,-,-,-,-,-,-,$30.98,-,-,-,-,-,-,$25.35,-,-,-,-,$20.85,-,-,-,-,-,-,$25.35,-,-,-,-,$23.41,-,-,-,-,-,-,-,-,-,-,-,$24.38,-,-,-,-,-,-,$25.36,-,-,-,-,$100.28,-,-,-,-,-,-,$35.02,-,-,-,-,$18.33,-,-,-,-,-,-,$25.35,-,-,-,-,$25.50,-,-,-,-,-,-,$1238.50,-,-,-,-,-,-,-,-,-,-,-,0,-,-,-,-,7,3,-,-,-,-,3,346046,0.96/10,$25.35,$17.44,Seasonal,None,All Year,Feb,$16.04,Jul,$9.74,64%,38.725614400000005,35.205104,-19.165104,-119.48319201995012,5.837604000000001
70%,-,55%,-,-,yes,2025-10-04T13:24:00-04:00,https://www.amazon.com/dp/1421569442?psc=1&aod=1,https://keepa.com/#!product/1-1421569442,"Dengeki Daisy, Vol. 14",2025-10-04 14:40:00,2025-10-04 13:24:00,-,$25.26,18%,⇩,-,-,-,$3.90,15.00%,2014-03-26,Books,"Comics & Graphic Novels, Manga, Romance",Books > Subjects > Comics & Graphic Novels > Manga > Romance,1421569442,-,-,VIZ Media LLC,Viz Media,-,-,-,"Motomi, Kyousuke",-,paperback,very good,-,-,2014-06-03,-,-,0.12 kg,2.0 cm,19.6 cm,12.6 cm,2013-11-03,-,-,-,"1,392,637","2,646,974",-,"2,452,317","2,175,965","1,761,119",-,-,-,-,1,-,-,-,19,A2VMKCV4FSTN1U,Fast Cat Books,-,-,-,-,-,-,-,-,-,-,-,-,-,-,-,-,-,-,-,-,-,-,-,-,$1163.82,-,-,-,-,625.06,-,-,-,-,-,-,-,-,-,-,-,-,$16.00,-,-,-,-,-,$1168.57,-,-,-,-,$534.01,-,-,-,-,-,-,$119.99,-,-,-,-,$77.78,-,-,-,-,-,-,$20.69,-,-,-,-,$45.76,-,-,-,-,-,-,-,-,-,-,-,$29.46,-,-,-,-,-,-,$355.98,-,-,-,-,$54.79,-,-,-,-,-,-,$20.69,-,-,-,-,$60.02,-,-,-,-,-,-,-,-,-,-,-,$18.88,-,-,-,-,-,-,$9.99,-,-,-,-,-,-,-,-,-,-,-,1,-,-,-,-,1,10,-,-,-,-,3,1267,0.79/10,$20.69,$22.36,Seasonal,Romance/Valentine's Day,Feb,Apr,$27.29,Nov,$11.52,39%,35.714800000000004,32.468,-5.178000000000004,-18.97398314400881,7.993499999999999
